ID,COEFFICIENT,PTT,TIMESTAMP
C0501STA012,-0.02350301327879244,PTT011,2021-01-02 00:00:00
C1002ACH079,-0.20411837581251913,PTT011,2021-01-02 00:00:00
SCS113,-0.019892437597535784,PTT011,2021-01-02 00:00:00
SCS126,-0.012674008242375924,PTT011,2021-01-02 00:00:00
SCS131,-0.0126015135054464,PTT011,2021-01-02 00:00:00
SCS132,-0.030648893301776177,PTT011,2021-01-02 00:00:00
SCS136,-0.011649911389588857,PTT011,2021-01-02 00:00:00
C1202ACH055,-0.03953271308335008,PTT011,2021-01-02 00:00:00
C1202STA030,-0.033512448351576574,PTT011,2021-01-02 00:00:00
SCS144,-0.02027075692235939,PTT011,2021-01-02 00:00:00
C1002ACH043,-0.049324648267775925,PTT011,2021-01-02 00:00:00
SCS146,-0.02703031613087797,PTT011,2021-01-02 00:00:00
SCS153,-0.03018952385087234,PTT011,2021-01-02 00:00:00
C1302ACH023,-0.009705105490404566,PTT011,2021-01-02 00:00:00
C1302ACL027,-0.01979670784436117,PTT011,2021-01-02 00:00:00
SCS191,-0.004286301169195434,PTT011,2021-01-02 00:00:00
SCS193,-0.011095279717920629,PTT011,2021-01-02 00:00:00
SCS201,-0.013314743208471926,PTT011,2021-01-02 00:00:00
SCS205,-0.010781226485315203,PTT011,2021-01-02 00:00:00
C1304STA156,-0.017328113042708437,PTT011,2021-01-02 00:00:00
SCS181,-0.007087294333102369,PTT011,2021-01-02 00:00:00
SCS151,-0.012199827231999274,PTT011,2021-01-02 00:00:00
C1002ACH033,-0.022664584096023493,PTT011,2021-01-02 00:00:00
C1202STA039,-0.037701563596535655,PTT011,2021-01-02 00:00:00
C0904STA156,-0.03986585282565245,PTT011,2021-01-02 00:00:00
C0904STA197,-7.525514877593752e-17,PTT011,2021-01-02 00:00:00
C0703STA102,-0.018717347782707755,PTT011,2021-01-02 00:00:00
C1603BCL014,-0.0038832294025206047,PTT011,2021-01-02 00:00:00
C2301ACL021,-0.01668248195978398,PTT011,2021-01-02 00:00:00
C2301STA175,-0.0041816505589885875,PTT011,2021-01-02 00:00:00
C2303BCL151,-0.008813461651855344,PTT011,2021-01-02 00:00:00
C0602STA026,-0.0018690484008860332,PTT011,2021-01-02 00:00:00
C0602STA030,-0.017177956885956313,PTT011,2021-01-02 00:00:00
C0602STA077,-0.030841342067844457,PTT011,2021-01-02 00:00:00
C0602STA082,-0.029936550684833026,PTT011,2021-01-02 00:00:00
C0604STA197,-0.023824843759949584,PTT011,2021-01-02 00:00:00
C0503ACH233,-0.017307825878248816,PTT011,2021-01-02 00:00:00
SCS045,-0.009087943894489196,PTT011,2021-01-02 00:00:00
C0704STA187,-0.04780576803336224,PTT011,2021-01-02 00:00:00
C0802STA032,-0.0780518837249907,PTT011,2021-01-02 00:00:00
C0802STA091,-0.0316855884518548,PTT011,2021-01-02 00:00:00
C0804STA130,-0.026441822764968696,PTT011,2021-01-02 00:00:00
C0804STA189,-0.15699195061092544,PTT011,2021-01-02 00:00:00
C08PTT082,-0.0021498472344862927,PTT011,2021-01-02 00:00:00
C09PTT091,-0.002190157634121601,PTT011,2021-01-02 00:00:00
SCS091,-0.005517937047454918,PTT011,2021-01-02 00:00:00
C0702STA030,-0.037194527268474574,PTT011,2021-01-02 00:00:00
C1002ACH043,-0.049324648267775925,PTT012,2021-01-02 00:00:00
C1202STA030,-0.033512448351576574,PTT012,2021-01-02 00:00:00
C1202ACH055,-0.03953271308335008,PTT012,2021-01-02 00:00:00
SCS136,-0.011649911389588857,PTT012,2021-01-02 00:00:00
C1002ACH079,-0.20411837581251913,PTT012,2021-01-02 00:00:00
SCS131,-0.0126015135054464,PTT012,2021-01-02 00:00:00
SCS126,-0.012674008242375924,PTT012,2021-01-02 00:00:00
SCS113,-0.019892437597535784,PTT012,2021-01-02 00:00:00
C1202STA039,-0.037701563596535655,PTT012,2021-01-02 00:00:00
SCS132,-0.030648893301776177,PTT012,2021-01-02 00:00:00
SCS144,-0.02027075692235939,PTT012,2021-01-02 00:00:00
C1302ACL027,-0.01979670784436117,PTT012,2021-01-02 00:00:00
SCS151,-0.012199827231999274,PTT012,2021-01-02 00:00:00
SCS153,-0.03018952385087234,PTT012,2021-01-02 00:00:00
C1302ACH023,-0.009705105490404566,PTT012,2021-01-02 00:00:00
SCS191,-0.004286301169195434,PTT012,2021-01-02 00:00:00
SCS193,-0.011095279717920629,PTT012,2021-01-02 00:00:00
SCS201,-0.013314743208471926,PTT012,2021-01-02 00:00:00
SCS205,-0.010781226485315203,PTT012,2021-01-02 00:00:00
C1304STA156,-0.017328113042708437,PTT012,2021-01-02 00:00:00
SCS181,-0.007087294333102369,PTT012,2021-01-02 00:00:00
SCS146,-0.02703031613087797,PTT012,2021-01-02 00:00:00
C1002ACH033,-0.022664584096023493,PTT012,2021-01-02 00:00:00
C0604STA197,-0.023824843759949584,PTT012,2021-01-02 00:00:00
C0904STA156,-0.03986585282565245,PTT012,2021-01-02 00:00:00
C0904STA197,-7.525514877593752e-17,PTT012,2021-01-02 00:00:00
C0503ACH233,-0.017307825878248816,PTT012,2021-01-02 00:00:00
C0703STA102,-0.018717347782707755,PTT012,2021-01-02 00:00:00
C1603BCL014,-0.0038832294025206047,PTT012,2021-01-02 00:00:00
C2301ACL021,-0.01668248195978398,PTT012,2021-01-02 00:00:00
C2301STA175,-0.0041816505589885875,PTT012,2021-01-02 00:00:00
C2303BCL151,-0.008813461651855344,PTT012,2021-01-02 00:00:00
C0602STA026,-0.0018690484008860332,PTT012,2021-01-02 00:00:00
C0602STA030,-0.017177956885956313,PTT012,2021-01-02 00:00:00
C0602STA077,-0.030841342067844457,PTT012,2021-01-02 00:00:00
C0602STA082,-0.029936550684833026,PTT012,2021-01-02 00:00:00
C0501STA012,-0.02350301327879244,PTT012,2021-01-02 00:00:00
C0702STA030,-0.037194527268474574,PTT012,2021-01-02 00:00:00
C09PTT091,-0.002190157634121601,PTT012,2021-01-02 00:00:00
C08PTT082,-0.0021498472344862927,PTT012,2021-01-02 00:00:00
C0804STA189,-0.15699195061092544,PTT012,2021-01-02 00:00:00
C0804STA130,-0.026441822764968696,PTT012,2021-01-02 00:00:00
SCS091,-0.005517937047454918,PTT012,2021-01-02 00:00:00
C0802STA032,-0.0780518837249907,PTT012,2021-01-02 00:00:00
C0704STA187,-0.04780576803336224,PTT012,2021-01-02 00:00:00
SCS045,-0.009087943894489196,PTT012,2021-01-02 00:00:00
C0802STA091,-0.0316855884518548,PTT012,2021-01-02 00:00:00
C1202STA039,-0.037701563596535655,PTT021,2021-01-02 00:00:00
C1002ACH079,-0.20411837581251913,PTT021,2021-01-02 00:00:00
SCS113,-0.019892437597535784,PTT021,2021-01-02 00:00:00
SCS126,-0.012674008242375924,PTT021,2021-01-02 00:00:00
SCS131,-0.0126015135054464,PTT021,2021-01-02 00:00:00
SCS132,-0.030648893301776177,PTT021,2021-01-02 00:00:00
SCS136,-0.011649911389588857,PTT021,2021-01-02 00:00:00
C1202ACH055,-0.03953271308335008,PTT021,2021-01-02 00:00:00
C1202STA030,-0.033512448351576574,PTT021,2021-01-02 00:00:00
SCS144,-0.02027075692235939,PTT021,2021-01-02 00:00:00
C1302ACL027,-0.01979670784436117,PTT021,2021-01-02 00:00:00
SCS151,-0.012199827231999274,PTT021,2021-01-02 00:00:00
SCS153,-0.03018952385087234,PTT021,2021-01-02 00:00:00
C1302ACH023,-0.009705105490404566,PTT021,2021-01-02 00:00:00
C1002ACH043,-0.049324648267775925,PTT021,2021-01-02 00:00:00
SCS191,-0.004286301169195434,PTT021,2021-01-02 00:00:00
SCS193,-0.011095279717920629,PTT021,2021-01-02 00:00:00
SCS201,-0.013314743208471926,PTT021,2021-01-02 00:00:00
SCS205,-0.010781226485315203,PTT021,2021-01-02 00:00:00
C1304STA156,-0.017328113042708437,PTT021,2021-01-02 00:00:00
SCS181,-0.007087294333102369,PTT021,2021-01-02 00:00:00
SCS146,-0.02703031613087797,PTT021,2021-01-02 00:00:00
C1002ACH033,-0.022664584096023493,PTT021,2021-01-02 00:00:00
C0604STA197,-0.023824843759949584,PTT021,2021-01-02 00:00:00
C0904STA156,-0.03986585282565245,PTT021,2021-01-02 00:00:00
C0503ACH233,-0.017307825878248816,PTT021,2021-01-02 00:00:00
C0703STA102,-0.018717347782707755,PTT021,2021-01-02 00:00:00
C1603BCL014,-0.0038832294025206047,PTT021,2021-01-02 00:00:00
C2301ACL021,-0.01668248195978398,PTT021,2021-01-02 00:00:00
C2301STA175,-0.0041816505589885875,PTT021,2021-01-02 00:00:00
C2303BCL151,-0.008813461651855344,PTT021,2021-01-02 00:00:00
C0602STA026,-0.0018690484008860332,PTT021,2021-01-02 00:00:00
C0602STA030,-0.017177956885956313,PTT021,2021-01-02 00:00:00
C0602STA077,-0.030841342067844457,PTT021,2021-01-02 00:00:00
C0602STA082,-0.029936550684833026,PTT021,2021-01-02 00:00:00
C0501STA012,-0.02350301327879244,PTT021,2021-01-02 00:00:00
C0702STA030,-0.037194527268474574,PTT021,2021-01-02 00:00:00
SCS091,-0.005517937047454918,PTT021,2021-01-02 00:00:00
C09PTT091,-0.002190157634121601,PTT021,2021-01-02 00:00:00
C08PTT082,-0.0021498472344862927,PTT021,2021-01-02 00:00:00
C0804STA189,-0.15699195061092544,PTT021,2021-01-02 00:00:00
C0904STA197,-7.525514877593752e-17,PTT021,2021-01-02 00:00:00
C0802STA091,-0.0316855884518548,PTT021,2021-01-02 00:00:00
C0802STA032,-0.0780518837249907,PTT021,2021-01-02 00:00:00
C0704STA187,-0.04780576803336224,PTT021,2021-01-02 00:00:00
SCS045,-0.009087943894489196,PTT021,2021-01-02 00:00:00
C0804STA130,-0.026441822764968696,PTT021,2021-01-02 00:00:00
C1002ACH043,-0.049324648267775925,PTT022,2021-01-02 00:00:00
C1002ACH079,-0.20411837581251913,PTT022,2021-01-02 00:00:00
SCS113,-0.019892437597535784,PTT022,2021-01-02 00:00:00
SCS126,-0.012674008242375924,PTT022,2021-01-02 00:00:00
SCS131,-0.0126015135054464,PTT022,2021-01-02 00:00:00
SCS132,-0.030648893301776177,PTT022,2021-01-02 00:00:00
SCS136,-0.011649911389588857,PTT022,2021-01-02 00:00:00
C1202ACH055,-0.03953271308335008,PTT022,2021-01-02 00:00:00
C1202STA030,-0.033512448351576574,PTT022,2021-01-02 00:00:00
C1202STA039,-0.037701563596535655,PTT022,2021-01-02 00:00:00
SCS151,-0.012199827231999274,PTT022,2021-01-02 00:00:00
SCS146,-0.02703031613087797,PTT022,2021-01-02 00:00:00
SCS153,-0.03018952385087234,PTT022,2021-01-02 00:00:00
C1302ACH023,-0.009705105490404566,PTT022,2021-01-02 00:00:00
SCS181,-0.007087294333102369,PTT022,2021-01-02 00:00:00
SCS191,-0.004286301169195434,PTT022,2021-01-02 00:00:00
SCS193,-0.011095279717920629,PTT022,2021-01-02 00:00:00
SCS201,-0.013314743208471926,PTT022,2021-01-02 00:00:00
SCS205,-0.010781226485315203,PTT022,2021-01-02 00:00:00
C1304STA156,-0.017328113042708437,PTT022,2021-01-02 00:00:00
C1002ACH033,-0.022664584096023493,PTT022,2021-01-02 00:00:00
SCS144,-0.02027075692235939,PTT022,2021-01-02 00:00:00
C1302ACL027,-0.01979670784436117,PTT022,2021-01-02 00:00:00
C0904STA197,-7.525514877593752e-17,PTT022,2021-01-02 00:00:00
SCS091,-0.005517937047454918,PTT022,2021-01-02 00:00:00
C0904STA156,-0.03986585282565245,PTT022,2021-01-02 00:00:00
C0501STA012,-0.02350301327879244,PTT022,2021-01-02 00:00:00
C0503ACH233,-0.017307825878248816,PTT022,2021-01-02 00:00:00
C0703STA102,-0.018717347782707755,PTT022,2021-01-02 00:00:00
C1603BCL014,-0.0038832294025206047,PTT022,2021-01-02 00:00:00
C2301ACL021,-0.01668248195978398,PTT022,2021-01-02 00:00:00
C2303BCL151,-0.008813461651855344,PTT022,2021-01-02 00:00:00
C0602STA026,-0.0018690484008860332,PTT022,2021-01-02 00:00:00
C0602STA030,-0.017177956885956313,PTT022,2021-01-02 00:00:00
C0602STA077,-0.030841342067844457,PTT022,2021-01-02 00:00:00
C2301STA175,-0.0041816505589885875,PTT022,2021-01-02 00:00:00
C0604STA197,-0.023824843759949584,PTT022,2021-01-02 00:00:00
C0602STA082,-0.029936550684833026,PTT022,2021-01-02 00:00:00
C08PTT082,-0.0021498472344862927,PTT022,2021-01-02 00:00:00
C0804STA189,-0.15699195061092544,PTT022,2021-01-02 00:00:00
C0804STA130,-0.026441822764968696,PTT022,2021-01-02 00:00:00
C0802STA091,-0.0316855884518548,PTT022,2021-01-02 00:00:00
C09PTT091,-0.002190157634121601,PTT022,2021-01-02 00:00:00
C0704STA187,-0.04780576803336224,PTT022,2021-01-02 00:00:00
SCS045,-0.009087943894489196,PTT022,2021-01-02 00:00:00
C0702STA030,-0.037194527268474574,PTT022,2021-01-02 00:00:00
C0802STA032,-0.0780518837249907,PTT022,2021-01-02 00:00:00
C1202STA039,-0.037701563596535655,PTT031,2021-01-02 00:00:00
C1002ACH079,-0.20411837581251913,PTT031,2021-01-02 00:00:00
SCS113,-0.019892437597535784,PTT031,2021-01-02 00:00:00
SCS126,-0.012674008242375924,PTT031,2021-01-02 00:00:00
SCS131,-0.0126015135054464,PTT031,2021-01-02 00:00:00
SCS132,-0.030648893301776177,PTT031,2021-01-02 00:00:00
SCS136,-0.011649911389588857,PTT031,2021-01-02 00:00:00
C1202ACH055,-0.03953271308335008,PTT031,2021-01-02 00:00:00
C1202STA030,-0.033512448351576574,PTT031,2021-01-02 00:00:00
SCS144,-0.02027075692235939,PTT031,2021-01-02 00:00:00
C1002ACH043,-0.049324648267775925,PTT031,2021-01-02 00:00:00
SCS151,-0.012199827231999274,PTT031,2021-01-02 00:00:00
SCS153,-0.03018952385087234,PTT031,2021-01-02 00:00:00
C1302ACH023,-0.009705105490404566,PTT031,2021-01-02 00:00:00
C1302ACL027,-0.01979670784436117,PTT031,2021-01-02 00:00:00
SCS191,-0.004286301169195434,PTT031,2021-01-02 00:00:00
SCS193,-0.011095279717920629,PTT031,2021-01-02 00:00:00
SCS201,-0.013314743208471926,PTT031,2021-01-02 00:00:00
SCS205,-0.010781226485315203,PTT031,2021-01-02 00:00:00
C1304STA156,-0.017328113042708437,PTT031,2021-01-02 00:00:00
SCS181,-0.007087294333102369,PTT031,2021-01-02 00:00:00
SCS146,-0.02703031613087797,PTT031,2021-01-02 00:00:00
C1002ACH033,-0.022664584096023493,PTT031,2021-01-02 00:00:00
C0604STA197,-0.023824843759949584,PTT031,2021-01-02 00:00:00
C0904STA156,-0.03986585282565245,PTT031,2021-01-02 00:00:00
C0501STA012,-0.02350301327879244,PTT031,2021-01-02 00:00:00
C0503ACH233,-0.017307825878248816,PTT031,2021-01-02 00:00:00
C0703STA102,-0.018717347782707755,PTT031,2021-01-02 00:00:00
C1603BCL014,-0.0038832294025206047,PTT031,2021-01-02 00:00:00
C2301ACL021,-0.01668248195978398,PTT031,2021-01-02 00:00:00
C2301STA175,-0.0041816505589885875,PTT031,2021-01-02 00:00:00
C2303BCL151,-0.008813461651855344,PTT031,2021-01-02 00:00:00
C0602STA026,-0.0018690484008860332,PTT031,2021-01-02 00:00:00
C0602STA030,-0.017177956885956313,PTT031,2021-01-02 00:00:00
C0602STA077,-0.030841342067844457,PTT031,2021-01-02 00:00:00
C0602STA082,-0.029936550684833026,PTT031,2021-01-02 00:00:00
C0904STA197,-7.525514877593752e-17,PTT031,2021-01-02 00:00:00
C0702STA030,-0.037194527268474574,PTT031,2021-01-02 00:00:00
C09PTT091,-0.002190157634121601,PTT031,2021-01-02 00:00:00
C08PTT082,-0.0021498472344862927,PTT031,2021-01-02 00:00:00
C0804STA189,-0.15699195061092544,PTT031,2021-01-02 00:00:00
C0804STA130,-0.026441822764968696,PTT031,2021-01-02 00:00:00
SCS091,-0.005517937047454918,PTT031,2021-01-02 00:00:00
C0802STA032,-0.0780518837249907,PTT031,2021-01-02 00:00:00
C0704STA187,-0.04780576803336224,PTT031,2021-01-02 00:00:00
SCS045,-0.009087943894489196,PTT031,2021-01-02 00:00:00
C0802STA091,-0.0316855884518548,PTT031,2021-01-02 00:00:00
SCS144,-0.02027075692235939,PTT032,2021-01-02 00:00:00
C1002ACH079,-0.20411837581251913,PTT032,2021-01-02 00:00:00
SCS113,-0.019892437597535784,PTT032,2021-01-02 00:00:00
SCS126,-0.012674008242375924,PTT032,2021-01-02 00:00:00
SCS132,-0.030648893301776177,PTT032,2021-01-02 00:00:00
SCS136,-0.011649911389588857,PTT032,2021-01-02 00:00:00
C1202ACH055,-0.03953271308335008,PTT032,2021-01-02 00:00:00
C1202STA030,-0.033512448351576574,PTT032,2021-01-02 00:00:00
C1202STA039,-0.037701563596535655,PTT032,2021-01-02 00:00:00
SCS146,-0.02703031613087797,PTT032,2021-01-02 00:00:00
SCS191,-0.004286301169195434,PTT032,2021-01-02 00:00:00
SCS153,-0.03018952385087234,PTT032,2021-01-02 00:00:00
C1302ACH023,-0.009705105490404566,PTT032,2021-01-02 00:00:00
C1302ACL027,-0.01979670784436117,PTT032,2021-01-02 00:00:00
C1002ACH043,-0.049324648267775925,PTT032,2021-01-02 00:00:00
SCS193,-0.011095279717920629,PTT032,2021-01-02 00:00:00
SCS201,-0.013314743208471926,PTT032,2021-01-02 00:00:00
SCS205,-0.010781226485315203,PTT032,2021-01-02 00:00:00
C1304STA156,-0.017328113042708437,PTT032,2021-01-02 00:00:00
SCS181,-0.007087294333102369,PTT032,2021-01-02 00:00:00
SCS151,-0.012199827231999274,PTT032,2021-01-02 00:00:00
C1002ACH033,-0.022664584096023493,PTT032,2021-01-02 00:00:00
SCS131,-0.0126015135054464,PTT032,2021-01-02 00:00:00
C0501STA012,-0.02350301327879244,PTT032,2021-01-02 00:00:00
C0904STA156,-0.03986585282565245,PTT032,2021-01-02 00:00:00
C0503ACH233,-0.017307825878248816,PTT032,2021-01-02 00:00:00
C0703STA102,-0.018717347782707755,PTT032,2021-01-02 00:00:00
C1603BCL014,-0.0038832294025206047,PTT032,2021-01-02 00:00:00
C2301ACL021,-0.01668248195978398,PTT032,2021-01-02 00:00:00
C2301STA175,-0.0041816505589885875,PTT032,2021-01-02 00:00:00
C2303BCL151,-0.008813461651855344,PTT032,2021-01-02 00:00:00
C0602STA026,-0.0018690484008860332,PTT032,2021-01-02 00:00:00
C0602STA030,-0.017177956885956313,PTT032,2021-01-02 00:00:00
C0602STA077,-0.030841342067844457,PTT032,2021-01-02 00:00:00
C0602STA082,-0.029936550684833026,PTT032,2021-01-02 00:00:00
C0904STA197,-7.525514877593752e-17,PTT032,2021-01-02 00:00:00
C0702STA030,-0.037194527268474574,PTT032,2021-01-02 00:00:00
C0604STA197,-0.023824843759949584,PTT032,2021-01-02 00:00:00
C09PTT091,-0.002190157634121601,PTT032,2021-01-02 00:00:00
C08PTT082,-0.0021498472344862927,PTT032,2021-01-02 00:00:00
C0804STA189,-0.15699195061092544,PTT032,2021-01-02 00:00:00
C0804STA130,-0.026441822764968696,PTT032,2021-01-02 00:00:00
SCS091,-0.005517937047454918,PTT032,2021-01-02 00:00:00
C0802STA091,-0.0316855884518548,PTT032,2021-01-02 00:00:00
C0802STA032,-0.0780518837249907,PTT032,2021-01-02 00:00:00
C0704STA187,-0.04780576803336224,PTT032,2021-01-02 00:00:00
SCS045,-0.009087943894489196,PTT032,2021-01-02 00:00:00
C1202STA030,-0.033512448351576574,PTT041,2021-01-02 00:00:00
C1002ACH079,-0.20411837581251913,PTT041,2021-01-02 00:00:00
SCS113,-0.019892437597535784,PTT041,2021-01-02 00:00:00
SCS126,-0.012674008242375924,PTT041,2021-01-02 00:00:00
SCS131,-0.0126015135054464,PTT041,2021-01-02 00:00:00
SCS132,-0.030648893301776177,PTT041,2021-01-02 00:00:00
SCS136,-0.011649911389588857,PTT041,2021-01-02 00:00:00
C1202ACH055,-0.03953271308335008,PTT041,2021-01-02 00:00:00
C1002ACH043,-0.049324648267775925,PTT041,2021-01-02 00:00:00
C1202STA039,-0.037701563596535655,PTT041,2021-01-02 00:00:00
C1302ACL027,-0.01979670784436117,PTT041,2021-01-02 00:00:00
SCS146,-0.02703031613087797,PTT041,2021-01-02 00:00:00
SCS151,-0.012199827231999274,PTT041,2021-01-02 00:00:00
SCS153,-0.03018952385087234,PTT041,2021-01-02 00:00:00
C1302ACH023,-0.009705105490404566,PTT041,2021-01-02 00:00:00
SCS191,-0.004286301169195434,PTT041,2021-01-02 00:00:00
SCS193,-0.011095279717920629,PTT041,2021-01-02 00:00:00
SCS201,-0.013314743208471926,PTT041,2021-01-02 00:00:00
SCS205,-0.010781226485315203,PTT041,2021-01-02 00:00:00
C1304STA156,-0.017328113042708437,PTT041,2021-01-02 00:00:00
SCS181,-0.007087294333102369,PTT041,2021-01-02 00:00:00
SCS144,-0.02027075692235939,PTT041,2021-01-02 00:00:00
C1002ACH033,-0.022664584096023493,PTT041,2021-01-02 00:00:00
C0904STA197,-7.525514877593752e-17,PTT041,2021-01-02 00:00:00
SCS091,-0.005517937047454918,PTT041,2021-01-02 00:00:00
C0501STA012,-0.02350301327879244,PTT041,2021-01-02 00:00:00
C0503ACH233,-0.017307825878248816,PTT041,2021-01-02 00:00:00
C0703STA102,-0.018717347782707755,PTT041,2021-01-02 00:00:00
C1603BCL014,-0.0038832294025206047,PTT041,2021-01-02 00:00:00
C2301ACL021,-0.01668248195978398,PTT041,2021-01-02 00:00:00
C2301STA175,-0.0041816505589885875,PTT041,2021-01-02 00:00:00
C2303BCL151,-0.008813461651855344,PTT041,2021-01-02 00:00:00
C0602STA026,-0.0018690484008860332,PTT041,2021-01-02 00:00:00
C0602STA030,-0.017177956885956313,PTT041,2021-01-02 00:00:00
C0602STA077,-0.030841342067844457,PTT041,2021-01-02 00:00:00
C0904STA156,-0.03986585282565245,PTT041,2021-01-02 00:00:00
C0604STA197,-0.023824843759949584,PTT041,2021-01-02 00:00:00
C0702STA030,-0.037194527268474574,PTT041,2021-01-02 00:00:00
SCS045,-0.009087943894489196,PTT041,2021-01-02 00:00:00
C0704STA187,-0.04780576803336224,PTT041,2021-01-02 00:00:00
C0802STA032,-0.0780518837249907,PTT041,2021-01-02 00:00:00
C0802STA091,-0.0316855884518548,PTT041,2021-01-02 00:00:00
C0804STA130,-0.026441822764968696,PTT041,2021-01-02 00:00:00
C0804STA189,-0.15699195061092544,PTT041,2021-01-02 00:00:00
C08PTT082,-0.0021498472344862927,PTT041,2021-01-02 00:00:00
C09PTT091,-0.002190157634121601,PTT041,2021-01-02 00:00:00
C0602STA082,-0.029936550684833026,PTT041,2021-01-02 00:00:00
C1202ACH055,-0.03953271308335008,PTT042,2021-01-02 00:00:00
SCS136,-0.011649911389588857,PTT042,2021-01-02 00:00:00
SCS132,-0.030648893301776177,PTT042,2021-01-02 00:00:00
C1002ACH043,-0.049324648267775925,PTT042,2021-01-02 00:00:00
SCS126,-0.012674008242375924,PTT042,2021-01-02 00:00:00
SCS113,-0.019892437597535784,PTT042,2021-01-02 00:00:00
C1002ACH079,-0.20411837581251913,PTT042,2021-01-02 00:00:00
C1202STA030,-0.033512448351576574,PTT042,2021-01-02 00:00:00
SCS131,-0.0126015135054464,PTT042,2021-01-02 00:00:00
C1202STA039,-0.037701563596535655,PTT042,2021-01-02 00:00:00
C1302ACL027,-0.01979670784436117,PTT042,2021-01-02 00:00:00
SCS146,-0.02703031613087797,PTT042,2021-01-02 00:00:00
SCS151,-0.012199827231999274,PTT042,2021-01-02 00:00:00
SCS153,-0.03018952385087234,PTT042,2021-01-02 00:00:00
C1302ACH023,-0.009705105490404566,PTT042,2021-01-02 00:00:00
SCS191,-0.004286301169195434,PTT042,2021-01-02 00:00:00
SCS193,-0.011095279717920629,PTT042,2021-01-02 00:00:00
SCS201,-0.013314743208471926,PTT042,2021-01-02 00:00:00
SCS205,-0.010781226485315203,PTT042,2021-01-02 00:00:00
C1304STA156,-0.017328113042708437,PTT042,2021-01-02 00:00:00
C1002ACH033,-0.022664584096023493,PTT042,2021-01-02 00:00:00
SCS144,-0.02027075692235939,PTT042,2021-01-02 00:00:00
SCS181,-0.007087294333102369,PTT042,2021-01-02 00:00:00
C0904STA197,-7.525514877593752e-17,PTT042,2021-01-02 00:00:00
SCS091,-0.005517937047454918,PTT042,2021-01-02 00:00:00
C0904STA156,-0.03986585282565245,PTT042,2021-01-02 00:00:00
C0501STA012,-0.02350301327879244,PTT042,2021-01-02 00:00:00
C0503ACH233,-0.017307825878248816,PTT042,2021-01-02 00:00:00
C0703STA102,-0.018717347782707755,PTT042,2021-01-02 00:00:00
C1603BCL014,-0.0038832294025206047,PTT042,2021-01-02 00:00:00
C2301ACL021,-0.01668248195978398,PTT042,2021-01-02 00:00:00
C2303BCL151,-0.008813461651855344,PTT042,2021-01-02 00:00:00
C0602STA026,-0.0018690484008860332,PTT042,2021-01-02 00:00:00
C0602STA030,-0.017177956885956313,PTT042,2021-01-02 00:00:00
C0602STA077,-0.030841342067844457,PTT042,2021-01-02 00:00:00
C2301STA175,-0.0041816505589885875,PTT042,2021-01-02 00:00:00
C0604STA197,-0.023824843759949584,PTT042,2021-01-02 00:00:00
C0602STA082,-0.029936550684833026,PTT042,2021-01-02 00:00:00
C08PTT082,-0.0021498472344862927,PTT042,2021-01-02 00:00:00
C0804STA189,-0.15699195061092544,PTT042,2021-01-02 00:00:00
C0804STA130,-0.026441822764968696,PTT042,2021-01-02 00:00:00
C0802STA091,-0.0316855884518548,PTT042,2021-01-02 00:00:00
C09PTT091,-0.002190157634121601,PTT042,2021-01-02 00:00:00
C0704STA187,-0.04780576803336224,PTT042,2021-01-02 00:00:00
SCS045,-0.009087943894489196,PTT042,2021-01-02 00:00:00
C0702STA030,-0.037194527268474574,PTT042,2021-01-02 00:00:00
C0802STA032,-0.0780518837249907,PTT042,2021-01-02 00:00:00
C1202STA030,-0.033512448351576574,PTT051,2021-01-02 00:00:00
C1002ACH043,-0.049324648267775925,PTT051,2021-01-02 00:00:00
C1002ACH079,-0.20411837581251913,PTT051,2021-01-02 00:00:00
SCS113,-0.019892437597535784,PTT051,2021-01-02 00:00:00
SCS126,-0.012674008242375924,PTT051,2021-01-02 00:00:00
SCS131,-0.0126015135054464,PTT051,2021-01-02 00:00:00
SCS132,-0.030648893301776177,PTT051,2021-01-02 00:00:00
SCS136,-0.011649911389588857,PTT051,2021-01-02 00:00:00
C1202ACH055,-0.03953271308335008,PTT051,2021-01-02 00:00:00
SCS144,-0.02027075692235939,PTT051,2021-01-02 00:00:00
C1002ACH033,-0.022664584096023493,PTT051,2021-01-02 00:00:00
SCS151,-0.012199827231999274,PTT051,2021-01-02 00:00:00
SCS153,-0.03018952385087234,PTT051,2021-01-02 00:00:00
C1302ACH023,-0.009705105490404566,PTT051,2021-01-02 00:00:00
C1302ACL027,-0.01979670784436117,PTT051,2021-01-02 00:00:00
SCS191,-0.004286301169195434,PTT051,2021-01-02 00:00:00
SCS193,-0.011095279717920629,PTT051,2021-01-02 00:00:00
SCS201,-0.013314743208471926,PTT051,2021-01-02 00:00:00
SCS205,-0.010781226485315203,PTT051,2021-01-02 00:00:00
C1304STA156,-0.017328113042708437,PTT051,2021-01-02 00:00:00
SCS181,-0.007087294333102369,PTT051,2021-01-02 00:00:00
SCS146,-0.02703031613087797,PTT051,2021-01-02 00:00:00
C0904STA197,-7.525514877593752e-17,PTT051,2021-01-02 00:00:00
C1202STA039,-0.037701563596535655,PTT051,2021-01-02 00:00:00
SCS091,-0.005517937047454918,PTT051,2021-01-02 00:00:00
C0503ACH233,-0.017307825878248816,PTT051,2021-01-02 00:00:00
C0703STA102,-0.018717347782707755,PTT051,2021-01-02 00:00:00
C1603BCL014,-0.0038832294025206047,PTT051,2021-01-02 00:00:00
C2301ACL021,-0.01668248195978398,PTT051,2021-01-02 00:00:00
C2301STA175,-0.0041816505589885875,PTT051,2021-01-02 00:00:00
C2303BCL151,-0.008813461651855344,PTT051,2021-01-02 00:00:00
C0602STA026,-0.0018690484008860332,PTT051,2021-01-02 00:00:00
C0602STA030,-0.017177956885956313,PTT051,2021-01-02 00:00:00
C0602STA077,-0.030841342067844457,PTT051,2021-01-02 00:00:00
C0602STA082,-0.029936550684833026,PTT051,2021-01-02 00:00:00
C0501STA012,-0.02350301327879244,PTT051,2021-01-02 00:00:00
C0904STA156,-0.03986585282565245,PTT051,2021-01-02 00:00:00
C0702STA030,-0.037194527268474574,PTT051,2021-01-02 00:00:00
SCS045,-0.009087943894489196,PTT051,2021-01-02 00:00:00
C0704STA187,-0.04780576803336224,PTT051,2021-01-02 00:00:00
C0802STA032,-0.0780518837249907,PTT051,2021-01-02 00:00:00
C0802STA091,-0.0316855884518548,PTT051,2021-01-02 00:00:00
C0804STA130,-0.026441822764968696,PTT051,2021-01-02 00:00:00
C0804STA189,-0.15699195061092544,PTT051,2021-01-02 00:00:00
C08PTT082,-0.0021498472344862927,PTT051,2021-01-02 00:00:00
C09PTT091,-0.002190157634121601,PTT051,2021-01-02 00:00:00
C0604STA197,-0.023824843759949584,PTT051,2021-01-02 00:00:00
C1202STA030,-0.033512448351576574,PTT052,2021-01-02 00:00:00
C1202ACH055,-0.03953271308335008,PTT052,2021-01-02 00:00:00
SCS136,-0.011649911389588857,PTT052,2021-01-02 00:00:00
C1002ACH079,-0.20411837581251913,PTT052,2021-01-02 00:00:00
SCS131,-0.0126015135054464,PTT052,2021-01-02 00:00:00
SCS126,-0.012674008242375924,PTT052,2021-01-02 00:00:00
SCS113,-0.019892437597535784,PTT052,2021-01-02 00:00:00
C1202STA039,-0.037701563596535655,PTT052,2021-01-02 00:00:00
SCS132,-0.030648893301776177,PTT052,2021-01-02 00:00:00
SCS144,-0.02027075692235939,PTT052,2021-01-02 00:00:00
SCS191,-0.004286301169195434,PTT052,2021-01-02 00:00:00
SCS151,-0.012199827231999274,PTT052,2021-01-02 00:00:00
SCS153,-0.03018952385087234,PTT052,2021-01-02 00:00:00
C1302ACH023,-0.009705105490404566,PTT052,2021-01-02 00:00:00
C1302ACL027,-0.01979670784436117,PTT052,2021-01-02 00:00:00
SCS193,-0.011095279717920629,PTT052,2021-01-02 00:00:00
SCS201,-0.013314743208471926,PTT052,2021-01-02 00:00:00
SCS205,-0.010781226485315203,PTT052,2021-01-02 00:00:00
C1304STA156,-0.017328113042708437,PTT052,2021-01-02 00:00:00
SCS181,-0.007087294333102369,PTT052,2021-01-02 00:00:00
C1002ACH043,-0.049324648267775925,PTT052,2021-01-02 00:00:00
SCS146,-0.02703031613087797,PTT052,2021-01-02 00:00:00
C1002ACH033,-0.022664584096023493,PTT052,2021-01-02 00:00:00
C0904STA197,-7.525514877593752e-17,PTT052,2021-01-02 00:00:00
C0904STA156,-0.03986585282565245,PTT052,2021-01-02 00:00:00
C0503ACH233,-0.017307825878248816,PTT052,2021-01-02 00:00:00
C0703STA102,-0.018717347782707755,PTT052,2021-01-02 00:00:00
C1603BCL014,-0.0038832294025206047,PTT052,2021-01-02 00:00:00
C2301ACL021,-0.01668248195978398,PTT052,2021-01-02 00:00:00
C2301STA175,-0.0041816505589885875,PTT052,2021-01-02 00:00:00
C2303BCL151,-0.008813461651855344,PTT052,2021-01-02 00:00:00
C0602STA026,-0.0018690484008860332,PTT052,2021-01-02 00:00:00
C0602STA030,-0.017177956885956313,PTT052,2021-01-02 00:00:00
C0602STA077,-0.030841342067844457,PTT052,2021-01-02 00:00:00
C0602STA082,-0.029936550684833026,PTT052,2021-01-02 00:00:00
C0501STA012,-0.02350301327879244,PTT052,2021-01-02 00:00:00
C0702STA030,-0.037194527268474574,PTT052,2021-01-02 00:00:00
SCS045,-0.009087943894489196,PTT052,2021-01-02 00:00:00
C0704STA187,-0.04780576803336224,PTT052,2021-01-02 00:00:00
C0802STA032,-0.0780518837249907,PTT052,2021-01-02 00:00:00
C0802STA091,-0.0316855884518548,PTT052,2021-01-02 00:00:00
C0804STA130,-0.026441822764968696,PTT052,2021-01-02 00:00:00
C0804STA189,-0.15699195061092544,PTT052,2021-01-02 00:00:00
C08PTT082,-0.0021498472344862927,PTT052,2021-01-02 00:00:00
C09PTT091,-0.002190157634121601,PTT052,2021-01-02 00:00:00
SCS091,-0.005517937047454918,PTT052,2021-01-02 00:00:00
C0604STA197,-0.023824843759949584,PTT052,2021-01-02 00:00:00
C1202STA030,-0.033512448351576574,PTT071,2021-01-02 00:00:00
C1202ACH055,-0.03953271308335008,PTT071,2021-01-02 00:00:00
SCS136,-0.011649911389588857,PTT071,2021-01-02 00:00:00
C1002ACH079,-0.20411837581251913,PTT071,2021-01-02 00:00:00
SCS131,-0.0126015135054464,PTT071,2021-01-02 00:00:00
SCS126,-0.012674008242375924,PTT071,2021-01-02 00:00:00
SCS113,-0.019892437597535784,PTT071,2021-01-02 00:00:00
C1202STA039,-0.037701563596535655,PTT071,2021-01-02 00:00:00
SCS132,-0.030648893301776177,PTT071,2021-01-02 00:00:00
SCS144,-0.02027075692235939,PTT071,2021-01-02 00:00:00
SCS191,-0.004286301169195434,PTT071,2021-01-02 00:00:00
SCS151,-0.012199827231999274,PTT071,2021-01-02 00:00:00
SCS153,-0.03018952385087234,PTT071,2021-01-02 00:00:00
C1302ACH023,-0.009705105490404566,PTT071,2021-01-02 00:00:00
C1302ACL027,-0.01979670784436117,PTT071,2021-01-02 00:00:00
SCS193,-0.011095279717920629,PTT071,2021-01-02 00:00:00
SCS201,-0.013314743208471926,PTT071,2021-01-02 00:00:00
SCS205,-0.010781226485315203,PTT071,2021-01-02 00:00:00
C1304STA156,-0.017328113042708437,PTT071,2021-01-02 00:00:00
SCS181,-0.007087294333102369,PTT071,2021-01-02 00:00:00
C1002ACH043,-0.049324648267775925,PTT071,2021-01-02 00:00:00
SCS146,-0.02703031613087797,PTT071,2021-01-02 00:00:00
C1002ACH033,-0.022664584096023493,PTT071,2021-01-02 00:00:00
C0904STA197,-7.525514877593752e-17,PTT071,2021-01-02 00:00:00
C0904STA156,-0.03986585282565245,PTT071,2021-01-02 00:00:00
C0503ACH233,-0.017307825878248816,PTT071,2021-01-02 00:00:00
C0703STA102,-0.018717347782707755,PTT071,2021-01-02 00:00:00
C1603BCL014,-0.0038832294025206047,PTT071,2021-01-02 00:00:00
C2301ACL021,-0.01668248195978398,PTT071,2021-01-02 00:00:00
C2301STA175,-0.0041816505589885875,PTT071,2021-01-02 00:00:00
C2303BCL151,-0.008813461651855344,PTT071,2021-01-02 00:00:00
C0602STA026,-0.0018690484008860332,PTT071,2021-01-02 00:00:00
C0602STA030,-0.017177956885956313,PTT071,2021-01-02 00:00:00
C0602STA077,-0.030841342067844457,PTT071,2021-01-02 00:00:00
C0602STA082,-0.029936550684833026,PTT071,2021-01-02 00:00:00
C0501STA012,-0.02350301327879244,PTT071,2021-01-02 00:00:00
C0702STA030,-0.037194527268474574,PTT071,2021-01-02 00:00:00
SCS045,-0.009087943894489196,PTT071,2021-01-02 00:00:00
C0704STA187,-0.04780576803336224,PTT071,2021-01-02 00:00:00
C0802STA032,-0.0780518837249907,PTT071,2021-01-02 00:00:00
C0802STA091,-0.0316855884518548,PTT071,2021-01-02 00:00:00
C0804STA130,-0.026441822764968696,PTT071,2021-01-02 00:00:00
C0804STA189,-0.15699195061092544,PTT071,2021-01-02 00:00:00
C08PTT082,-0.0021498472344862927,PTT071,2021-01-02 00:00:00
C09PTT091,-0.002190157634121601,PTT071,2021-01-02 00:00:00
SCS091,-0.005517937047454918,PTT071,2021-01-02 00:00:00
C0604STA197,-0.023824843759949584,PTT071,2021-01-02 00:00:00
C1202STA030,-0.033512448351576574,PTT072,2021-01-02 00:00:00
C1202ACH055,-0.03953271308335008,PTT072,2021-01-02 00:00:00
SCS136,-0.011649911389588857,PTT072,2021-01-02 00:00:00
C1002ACH079,-0.20411837581251913,PTT072,2021-01-02 00:00:00
SCS131,-0.0126015135054464,PTT072,2021-01-02 00:00:00
SCS126,-0.012674008242375924,PTT072,2021-01-02 00:00:00
SCS113,-0.019892437597535784,PTT072,2021-01-02 00:00:00
C1202STA039,-0.037701563596535655,PTT072,2021-01-02 00:00:00
SCS132,-0.030648893301776177,PTT072,2021-01-02 00:00:00
SCS144,-0.02027075692235939,PTT072,2021-01-02 00:00:00
SCS191,-0.004286301169195434,PTT072,2021-01-02 00:00:00
SCS151,-0.012199827231999274,PTT072,2021-01-02 00:00:00
SCS153,-0.03018952385087234,PTT072,2021-01-02 00:00:00
C1302ACH023,-0.009705105490404566,PTT072,2021-01-02 00:00:00
C1302ACL027,-0.01979670784436117,PTT072,2021-01-02 00:00:00
SCS193,-0.011095279717920629,PTT072,2021-01-02 00:00:00
SCS201,-0.013314743208471926,PTT072,2021-01-02 00:00:00
SCS205,-0.010781226485315203,PTT072,2021-01-02 00:00:00
C1304STA156,-0.017328113042708437,PTT072,2021-01-02 00:00:00
SCS181,-0.007087294333102369,PTT072,2021-01-02 00:00:00
C1002ACH043,-0.049324648267775925,PTT072,2021-01-02 00:00:00
SCS146,-0.02703031613087797,PTT072,2021-01-02 00:00:00
C1002ACH033,-0.022664584096023493,PTT072,2021-01-02 00:00:00
C0904STA197,-7.525514877593752e-17,PTT072,2021-01-02 00:00:00
C0904STA156,-0.03986585282565245,PTT072,2021-01-02 00:00:00
C0503ACH233,-0.017307825878248816,PTT072,2021-01-02 00:00:00
C0703STA102,-0.018717347782707755,PTT072,2021-01-02 00:00:00
C1603BCL014,-0.0038832294025206047,PTT072,2021-01-02 00:00:00
C2301ACL021,-0.01668248195978398,PTT072,2021-01-02 00:00:00
C2301STA175,-0.0041816505589885875,PTT072,2021-01-02 00:00:00
C2303BCL151,-0.008813461651855344,PTT072,2021-01-02 00:00:00
C0602STA026,-0.0018690484008860332,PTT072,2021-01-02 00:00:00
C0602STA030,-0.017177956885956313,PTT072,2021-01-02 00:00:00
C0602STA077,-0.030841342067844457,PTT072,2021-01-02 00:00:00
C0602STA082,-0.029936550684833026,PTT072,2021-01-02 00:00:00
C0501STA012,-0.02350301327879244,PTT072,2021-01-02 00:00:00
C0702STA030,-0.037194527268474574,PTT072,2021-01-02 00:00:00
SCS045,-0.009087943894489196,PTT072,2021-01-02 00:00:00
C0704STA187,-0.04780576803336224,PTT072,2021-01-02 00:00:00
C0802STA032,-0.0780518837249907,PTT072,2021-01-02 00:00:00
C0802STA091,-0.0316855884518548,PTT072,2021-01-02 00:00:00
C0804STA130,-0.026441822764968696,PTT072,2021-01-02 00:00:00
C0804STA189,-0.15699195061092544,PTT072,2021-01-02 00:00:00
C08PTT082,-0.0021498472344862927,PTT072,2021-01-02 00:00:00
C09PTT091,-0.002190157634121601,PTT072,2021-01-02 00:00:00
SCS091,-0.005517937047454918,PTT072,2021-01-02 00:00:00
C0604STA197,-0.023824843759949584,PTT072,2021-01-02 00:00:00
C1202ACH055,-0.03953271308335008,PTT081,2021-01-02 00:00:00
SCS136,-0.011649911389588857,PTT081,2021-01-02 00:00:00
SCS132,-0.030648893301776177,PTT081,2021-01-02 00:00:00
C1002ACH043,-0.049324648267775925,PTT081,2021-01-02 00:00:00
SCS126,-0.012674008242375924,PTT081,2021-01-02 00:00:00
SCS113,-0.019892437597535784,PTT081,2021-01-02 00:00:00
C1002ACH079,-0.20411837581251913,PTT081,2021-01-02 00:00:00
C1202STA030,-0.033512448351576574,PTT081,2021-01-02 00:00:00
SCS131,-0.0126015135054464,PTT081,2021-01-02 00:00:00
C1202STA039,-0.037701563596535655,PTT081,2021-01-02 00:00:00
C1302ACL027,-0.01979670784436117,PTT081,2021-01-02 00:00:00
SCS146,-0.02703031613087797,PTT081,2021-01-02 00:00:00
SCS151,-0.012199827231999274,PTT081,2021-01-02 00:00:00
SCS153,-0.03018952385087234,PTT081,2021-01-02 00:00:00
C1302ACH023,-0.009705105490404566,PTT081,2021-01-02 00:00:00
SCS191,-0.004286301169195434,PTT081,2021-01-02 00:00:00
SCS193,-0.011095279717920629,PTT081,2021-01-02 00:00:00
SCS201,-0.013314743208471926,PTT081,2021-01-02 00:00:00
SCS205,-0.010781226485315203,PTT081,2021-01-02 00:00:00
C1304STA156,-0.017328113042708437,PTT081,2021-01-02 00:00:00
C1002ACH033,-0.022664584096023493,PTT081,2021-01-02 00:00:00
SCS144,-0.02027075692235939,PTT081,2021-01-02 00:00:00
C0904STA197,-7.525514877593752e-17,PTT081,2021-01-02 00:00:00
SCS181,-0.007087294333102369,PTT081,2021-01-02 00:00:00
SCS091,-0.005517937047454918,PTT081,2021-01-02 00:00:00
C0501STA012,-0.02350301327879244,PTT081,2021-01-02 00:00:00
C0503ACH233,-0.017307825878248816,PTT081,2021-01-02 00:00:00
C0703STA102,-0.018717347782707755,PTT081,2021-01-02 00:00:00
C1603BCL014,-0.0038832294025206047,PTT081,2021-01-02 00:00:00
C2301ACL021,-0.01668248195978398,PTT081,2021-01-02 00:00:00
C2301STA175,-0.0041816505589885875,PTT081,2021-01-02 00:00:00
C2303BCL151,-0.008813461651855344,PTT081,2021-01-02 00:00:00
C0602STA026,-0.0018690484008860332,PTT081,2021-01-02 00:00:00
C0602STA030,-0.017177956885956313,PTT081,2021-01-02 00:00:00
C0602STA077,-0.030841342067844457,PTT081,2021-01-02 00:00:00
C0904STA156,-0.03986585282565245,PTT081,2021-01-02 00:00:00
C0604STA197,-0.023824843759949584,PTT081,2021-01-02 00:00:00
C0702STA030,-0.037194527268474574,PTT081,2021-01-02 00:00:00
SCS045,-0.009087943894489196,PTT081,2021-01-02 00:00:00
C0704STA187,-0.04780576803336224,PTT081,2021-01-02 00:00:00
C0802STA032,-0.0780518837249907,PTT081,2021-01-02 00:00:00
C0802STA091,-0.0316855884518548,PTT081,2021-01-02 00:00:00
C0804STA130,-0.026441822764968696,PTT081,2021-01-02 00:00:00
C0804STA189,-0.15699195061092544,PTT081,2021-01-02 00:00:00
C08PTT082,-0.0021498472344862927,PTT081,2021-01-02 00:00:00
C09PTT091,-0.002190157634121601,PTT081,2021-01-02 00:00:00
C0602STA082,-0.029936550684833026,PTT081,2021-01-02 00:00:00
C1202STA030,-0.033512448351576574,PTT082,2021-01-02 00:00:00
C1202ACH055,-0.03953271308335008,PTT082,2021-01-02 00:00:00
SCS136,-0.011649911389588857,PTT082,2021-01-02 00:00:00
C1002ACH079,-0.20411837581251913,PTT082,2021-01-02 00:00:00
SCS131,-0.0126015135054464,PTT082,2021-01-02 00:00:00
SCS126,-0.012674008242375924,PTT082,2021-01-02 00:00:00
SCS113,-0.019892437597535784,PTT082,2021-01-02 00:00:00
C1202STA039,-0.037701563596535655,PTT082,2021-01-02 00:00:00
SCS132,-0.030648893301776177,PTT082,2021-01-02 00:00:00
SCS144,-0.02027075692235939,PTT082,2021-01-02 00:00:00
SCS191,-0.004286301169195434,PTT082,2021-01-02 00:00:00
SCS151,-0.012199827231999274,PTT082,2021-01-02 00:00:00
SCS153,-0.03018952385087234,PTT082,2021-01-02 00:00:00
C1302ACH023,-0.009705105490404566,PTT082,2021-01-02 00:00:00
C1302ACL027,-0.01979670784436117,PTT082,2021-01-02 00:00:00
SCS193,-0.011095279717920629,PTT082,2021-01-02 00:00:00
SCS201,-0.013314743208471926,PTT082,2021-01-02 00:00:00
SCS205,-0.010781226485315203,PTT082,2021-01-02 00:00:00
C1304STA156,-0.017328113042708437,PTT082,2021-01-02 00:00:00
SCS181,-0.007087294333102369,PTT082,2021-01-02 00:00:00
C1002ACH043,-0.049324648267775925,PTT082,2021-01-02 00:00:00
SCS146,-0.02703031613087797,PTT082,2021-01-02 00:00:00
C1002ACH033,-0.022664584096023493,PTT082,2021-01-02 00:00:00
C0904STA197,-7.525514877593752e-17,PTT082,2021-01-02 00:00:00
C0904STA156,-0.03986585282565245,PTT082,2021-01-02 00:00:00
C0503ACH233,-0.017307825878248816,PTT082,2021-01-02 00:00:00
C0703STA102,-0.018717347782707755,PTT082,2021-01-02 00:00:00
C1603BCL014,-0.0038832294025206047,PTT082,2021-01-02 00:00:00
C2301ACL021,-0.01668248195978398,PTT082,2021-01-02 00:00:00
C2301STA175,-0.0041816505589885875,PTT082,2021-01-02 00:00:00
C2303BCL151,-0.008813461651855344,PTT082,2021-01-02 00:00:00
C0602STA026,-0.0018690484008860332,PTT082,2021-01-02 00:00:00
C0602STA030,-0.017177956885956313,PTT082,2021-01-02 00:00:00
C0602STA077,-0.030841342067844457,PTT082,2021-01-02 00:00:00
C0602STA082,-0.029936550684833026,PTT082,2021-01-02 00:00:00
C0501STA012,-0.02350301327879244,PTT082,2021-01-02 00:00:00
C0702STA030,-0.037194527268474574,PTT082,2021-01-02 00:00:00
SCS045,-0.009087943894489196,PTT082,2021-01-02 00:00:00
C0704STA187,-0.04780576803336224,PTT082,2021-01-02 00:00:00
C0802STA032,-0.0780518837249907,PTT082,2021-01-02 00:00:00
C0802STA091,-0.0316855884518548,PTT082,2021-01-02 00:00:00
C0804STA130,-0.026441822764968696,PTT082,2021-01-02 00:00:00
C0804STA189,-0.15699195061092544,PTT082,2021-01-02 00:00:00
C08PTT082,-0.0021498472344862927,PTT082,2021-01-02 00:00:00
C09PTT091,-0.002190157634121601,PTT082,2021-01-02 00:00:00
SCS091,-0.005517937047454918,PTT082,2021-01-02 00:00:00
C0604STA197,-0.023824843759949584,PTT082,2021-01-02 00:00:00
C1202ACH055,-0.03953271308335008,PTT091,2021-01-02 00:00:00
SCS136,-0.011649911389588857,PTT091,2021-01-02 00:00:00
SCS132,-0.030648893301776177,PTT091,2021-01-02 00:00:00
C1002ACH043,-0.049324648267775925,PTT091,2021-01-02 00:00:00
SCS126,-0.012674008242375924,PTT091,2021-01-02 00:00:00
SCS113,-0.019892437597535784,PTT091,2021-01-02 00:00:00
C1002ACH079,-0.20411837581251913,PTT091,2021-01-02 00:00:00
C1202STA030,-0.033512448351576574,PTT091,2021-01-02 00:00:00
SCS131,-0.0126015135054464,PTT091,2021-01-02 00:00:00
C1202STA039,-0.037701563596535655,PTT091,2021-01-02 00:00:00
C1302ACL027,-0.01979670784436117,PTT091,2021-01-02 00:00:00
SCS146,-0.02703031613087797,PTT091,2021-01-02 00:00:00
SCS151,-0.012199827231999274,PTT091,2021-01-02 00:00:00
SCS153,-0.03018952385087234,PTT091,2021-01-02 00:00:00
C1302ACH023,-0.009705105490404566,PTT091,2021-01-02 00:00:00
SCS191,-0.004286301169195434,PTT091,2021-01-02 00:00:00
SCS193,-0.011095279717920629,PTT091,2021-01-02 00:00:00
SCS201,-0.013314743208471926,PTT091,2021-01-02 00:00:00
SCS205,-0.010781226485315203,PTT091,2021-01-02 00:00:00
C1304STA156,-0.017328113042708437,PTT091,2021-01-02 00:00:00
C1002ACH033,-0.022664584096023493,PTT091,2021-01-02 00:00:00
SCS144,-0.02027075692235939,PTT091,2021-01-02 00:00:00
C0904STA197,-7.525514877593752e-17,PTT091,2021-01-02 00:00:00
SCS181,-0.007087294333102369,PTT091,2021-01-02 00:00:00
SCS091,-0.005517937047454918,PTT091,2021-01-02 00:00:00
C0501STA012,-0.02350301327879244,PTT091,2021-01-02 00:00:00
C0503ACH233,-0.017307825878248816,PTT091,2021-01-02 00:00:00
C0703STA102,-0.018717347782707755,PTT091,2021-01-02 00:00:00
C1603BCL014,-0.0038832294025206047,PTT091,2021-01-02 00:00:00
C2301ACL021,-0.01668248195978398,PTT091,2021-01-02 00:00:00
C2301STA175,-0.0041816505589885875,PTT091,2021-01-02 00:00:00
C2303BCL151,-0.008813461651855344,PTT091,2021-01-02 00:00:00
C0602STA026,-0.0018690484008860332,PTT091,2021-01-02 00:00:00
C0602STA030,-0.017177956885956313,PTT091,2021-01-02 00:00:00
C0602STA077,-0.030841342067844457,PTT091,2021-01-02 00:00:00
C0904STA156,-0.03986585282565245,PTT091,2021-01-02 00:00:00
C0604STA197,-0.023824843759949584,PTT091,2021-01-02 00:00:00
C0702STA030,-0.037194527268474574,PTT091,2021-01-02 00:00:00
SCS045,-0.009087943894489196,PTT091,2021-01-02 00:00:00
C0704STA187,-0.04780576803336224,PTT091,2021-01-02 00:00:00
C0802STA032,-0.0780518837249907,PTT091,2021-01-02 00:00:00
C0802STA091,-0.0316855884518548,PTT091,2021-01-02 00:00:00
C0804STA130,-0.026441822764968696,PTT091,2021-01-02 00:00:00
C0804STA189,-0.15699195061092544,PTT091,2021-01-02 00:00:00
C08PTT082,-0.0021498472344862927,PTT091,2021-01-02 00:00:00
C09PTT091,-0.002190157634121601,PTT091,2021-01-02 00:00:00
C0602STA082,-0.029936550684833026,PTT091,2021-01-02 00:00:00
C1202ACH055,-0.03953271308335008,PTT092,2021-01-02 00:00:00
SCS136,-0.011649911389588857,PTT092,2021-01-02 00:00:00
SCS132,-0.030648893301776177,PTT092,2021-01-02 00:00:00
C1002ACH043,-0.049324648267775925,PTT092,2021-01-02 00:00:00
SCS126,-0.012674008242375924,PTT092,2021-01-02 00:00:00
SCS113,-0.019892437597535784,PTT092,2021-01-02 00:00:00
C1002ACH079,-0.20411837581251913,PTT092,2021-01-02 00:00:00
C1202STA030,-0.033512448351576574,PTT092,2021-01-02 00:00:00
SCS131,-0.0126015135054464,PTT092,2021-01-02 00:00:00
C1202STA039,-0.037701563596535655,PTT092,2021-01-02 00:00:00
C1302ACL027,-0.01979670784436117,PTT092,2021-01-02 00:00:00
SCS146,-0.02703031613087797,PTT092,2021-01-02 00:00:00
SCS151,-0.012199827231999274,PTT092,2021-01-02 00:00:00
SCS153,-0.03018952385087234,PTT092,2021-01-02 00:00:00
C1302ACH023,-0.009705105490404566,PTT092,2021-01-02 00:00:00
SCS191,-0.004286301169195434,PTT092,2021-01-02 00:00:00
SCS193,-0.011095279717920629,PTT092,2021-01-02 00:00:00
SCS201,-0.013314743208471926,PTT092,2021-01-02 00:00:00
SCS205,-0.010781226485315203,PTT092,2021-01-02 00:00:00
C1304STA156,-0.017328113042708437,PTT092,2021-01-02 00:00:00
C1002ACH033,-0.022664584096023493,PTT092,2021-01-02 00:00:00
SCS144,-0.02027075692235939,PTT092,2021-01-02 00:00:00
C0904STA197,-7.525514877593752e-17,PTT092,2021-01-02 00:00:00
SCS181,-0.007087294333102369,PTT092,2021-01-02 00:00:00
SCS091,-0.005517937047454918,PTT092,2021-01-02 00:00:00
C0501STA012,-0.02350301327879244,PTT092,2021-01-02 00:00:00
C0503ACH233,-0.017307825878248816,PTT092,2021-01-02 00:00:00
C0703STA102,-0.018717347782707755,PTT092,2021-01-02 00:00:00
C1603BCL014,-0.0038832294025206047,PTT092,2021-01-02 00:00:00
C2301ACL021,-0.01668248195978398,PTT092,2021-01-02 00:00:00
C2301STA175,-0.0041816505589885875,PTT092,2021-01-02 00:00:00
C2303BCL151,-0.008813461651855344,PTT092,2021-01-02 00:00:00
C0602STA026,-0.0018690484008860332,PTT092,2021-01-02 00:00:00
C0602STA030,-0.017177956885956313,PTT092,2021-01-02 00:00:00
C0602STA077,-0.030841342067844457,PTT092,2021-01-02 00:00:00
C0904STA156,-0.03986585282565245,PTT092,2021-01-02 00:00:00
C0604STA197,-0.023824843759949584,PTT092,2021-01-02 00:00:00
C0702STA030,-0.037194527268474574,PTT092,2021-01-02 00:00:00
SCS045,-0.009087943894489196,PTT092,2021-01-02 00:00:00
C0704STA187,-0.04780576803336224,PTT092,2021-01-02 00:00:00
C0802STA032,-0.0780518837249907,PTT092,2021-01-02 00:00:00
C0802STA091,-0.0316855884518548,PTT092,2021-01-02 00:00:00
C0804STA130,-0.026441822764968696,PTT092,2021-01-02 00:00:00
C0804STA189,-0.15699195061092544,PTT092,2021-01-02 00:00:00
C08PTT082,-0.0021498472344862927,PTT092,2021-01-02 00:00:00
C09PTT091,-0.002190157634121601,PTT092,2021-01-02 00:00:00
C0602STA082,-0.029936550684833026,PTT092,2021-01-02 00:00:00
C1202ACH055,-0.03953271308335008,PTT101,2021-01-02 00:00:00
SCS136,-0.011649911389588857,PTT101,2021-01-02 00:00:00
SCS132,-0.030648893301776177,PTT101,2021-01-02 00:00:00
C1002ACH043,-0.049324648267775925,PTT101,2021-01-02 00:00:00
SCS126,-0.012674008242375924,PTT101,2021-01-02 00:00:00
SCS113,-0.019892437597535784,PTT101,2021-01-02 00:00:00
C1002ACH079,-0.20411837581251913,PTT101,2021-01-02 00:00:00
C1202STA030,-0.033512448351576574,PTT101,2021-01-02 00:00:00
SCS131,-0.0126015135054464,PTT101,2021-01-02 00:00:00
C1202STA039,-0.037701563596535655,PTT101,2021-01-02 00:00:00
C1302ACL027,-0.01979670784436117,PTT101,2021-01-02 00:00:00
SCS146,-0.02703031613087797,PTT101,2021-01-02 00:00:00
SCS151,-0.012199827231999274,PTT101,2021-01-02 00:00:00
SCS153,-0.03018952385087234,PTT101,2021-01-02 00:00:00
C1302ACH023,-0.009705105490404566,PTT101,2021-01-02 00:00:00
SCS191,-0.004286301169195434,PTT101,2021-01-02 00:00:00
SCS193,-0.011095279717920629,PTT101,2021-01-02 00:00:00
SCS201,-0.013314743208471926,PTT101,2021-01-02 00:00:00
SCS205,-0.010781226485315203,PTT101,2021-01-02 00:00:00
C1304STA156,-0.017328113042708437,PTT101,2021-01-02 00:00:00
C1002ACH033,-0.022664584096023493,PTT101,2021-01-02 00:00:00
SCS144,-0.02027075692235939,PTT101,2021-01-02 00:00:00
SCS181,-0.007087294333102369,PTT101,2021-01-02 00:00:00
C0904STA197,-7.525514877593752e-17,PTT101,2021-01-02 00:00:00
SCS091,-0.005517937047454918,PTT101,2021-01-02 00:00:00
C0904STA156,-0.03986585282565245,PTT101,2021-01-02 00:00:00
C0501STA012,-0.02350301327879244,PTT101,2021-01-02 00:00:00
C0503ACH233,-0.017307825878248816,PTT101,2021-01-02 00:00:00
C0703STA102,-0.018717347782707755,PTT101,2021-01-02 00:00:00
C1603BCL014,-0.0038832294025206047,PTT101,2021-01-02 00:00:00
C2301ACL021,-0.01668248195978398,PTT101,2021-01-02 00:00:00
C2303BCL151,-0.008813461651855344,PTT101,2021-01-02 00:00:00
C0602STA026,-0.0018690484008860332,PTT101,2021-01-02 00:00:00
C0602STA030,-0.017177956885956313,PTT101,2021-01-02 00:00:00
C0602STA077,-0.030841342067844457,PTT101,2021-01-02 00:00:00
C2301STA175,-0.0041816505589885875,PTT101,2021-01-02 00:00:00
C0604STA197,-0.023824843759949584,PTT101,2021-01-02 00:00:00
C0602STA082,-0.029936550684833026,PTT101,2021-01-02 00:00:00
C08PTT082,-0.0021498472344862927,PTT101,2021-01-02 00:00:00
C0804STA189,-0.15699195061092544,PTT101,2021-01-02 00:00:00
C0804STA130,-0.026441822764968696,PTT101,2021-01-02 00:00:00
C0802STA091,-0.0316855884518548,PTT101,2021-01-02 00:00:00
C09PTT091,-0.002190157634121601,PTT101,2021-01-02 00:00:00
C0704STA187,-0.04780576803336224,PTT101,2021-01-02 00:00:00
SCS045,-0.009087943894489196,PTT101,2021-01-02 00:00:00
C0702STA030,-0.037194527268474574,PTT101,2021-01-02 00:00:00
C0802STA032,-0.0780518837249907,PTT101,2021-01-02 00:00:00
C1202STA030,-0.033512448351576574,PTT102,2021-01-02 00:00:00
C1002ACH043,-0.049324648267775925,PTT102,2021-01-02 00:00:00
C1002ACH079,-0.20411837581251913,PTT102,2021-01-02 00:00:00
SCS113,-0.019892437597535784,PTT102,2021-01-02 00:00:00
SCS126,-0.012674008242375924,PTT102,2021-01-02 00:00:00
SCS131,-0.0126015135054464,PTT102,2021-01-02 00:00:00
SCS132,-0.030648893301776177,PTT102,2021-01-02 00:00:00
SCS136,-0.011649911389588857,PTT102,2021-01-02 00:00:00
C1202ACH055,-0.03953271308335008,PTT102,2021-01-02 00:00:00
C1202STA039,-0.037701563596535655,PTT102,2021-01-02 00:00:00
C1002ACH033,-0.022664584096023493,PTT102,2021-01-02 00:00:00
SCS146,-0.02703031613087797,PTT102,2021-01-02 00:00:00
SCS151,-0.012199827231999274,PTT102,2021-01-02 00:00:00
SCS153,-0.03018952385087234,PTT102,2021-01-02 00:00:00
C1302ACH023,-0.009705105490404566,PTT102,2021-01-02 00:00:00
C1302ACL027,-0.01979670784436117,PTT102,2021-01-02 00:00:00
SCS191,-0.004286301169195434,PTT102,2021-01-02 00:00:00
SCS193,-0.011095279717920629,PTT102,2021-01-02 00:00:00
SCS201,-0.013314743208471926,PTT102,2021-01-02 00:00:00
SCS205,-0.010781226485315203,PTT102,2021-01-02 00:00:00
C1304STA156,-0.017328113042708437,PTT102,2021-01-02 00:00:00
SCS144,-0.02027075692235939,PTT102,2021-01-02 00:00:00
C0904STA197,-7.525514877593752e-17,PTT102,2021-01-02 00:00:00
SCS181,-0.007087294333102369,PTT102,2021-01-02 00:00:00
SCS091,-0.005517937047454918,PTT102,2021-01-02 00:00:00
C0501STA012,-0.02350301327879244,PTT102,2021-01-02 00:00:00
C0503ACH233,-0.017307825878248816,PTT102,2021-01-02 00:00:00
C0703STA102,-0.018717347782707755,PTT102,2021-01-02 00:00:00
C1603BCL014,-0.0038832294025206047,PTT102,2021-01-02 00:00:00
C2301ACL021,-0.01668248195978398,PTT102,2021-01-02 00:00:00
C2301STA175,-0.0041816505589885875,PTT102,2021-01-02 00:00:00
C2303BCL151,-0.008813461651855344,PTT102,2021-01-02 00:00:00
C0602STA026,-0.0018690484008860332,PTT102,2021-01-02 00:00:00
C0602STA030,-0.017177956885956313,PTT102,2021-01-02 00:00:00
C0602STA077,-0.030841342067844457,PTT102,2021-01-02 00:00:00
C0904STA156,-0.03986585282565245,PTT102,2021-01-02 00:00:00
C0604STA197,-0.023824843759949584,PTT102,2021-01-02 00:00:00
C0702STA030,-0.037194527268474574,PTT102,2021-01-02 00:00:00
SCS045,-0.009087943894489196,PTT102,2021-01-02 00:00:00
C0704STA187,-0.04780576803336224,PTT102,2021-01-02 00:00:00
C0802STA032,-0.0780518837249907,PTT102,2021-01-02 00:00:00
C0802STA091,-0.0316855884518548,PTT102,2021-01-02 00:00:00
C0804STA130,-0.026441822764968696,PTT102,2021-01-02 00:00:00
C0804STA189,-0.15699195061092544,PTT102,2021-01-02 00:00:00
C08PTT082,-0.0021498472344862927,PTT102,2021-01-02 00:00:00
C09PTT091,-0.002190157634121601,PTT102,2021-01-02 00:00:00
C0602STA082,-0.029936550684833026,PTT102,2021-01-02 00:00:00
C1202STA030,-0.033512448351576574,PTT111,2021-01-02 00:00:00
C1202ACH055,-0.03953271308335008,PTT111,2021-01-02 00:00:00
SCS136,-0.011649911389588857,PTT111,2021-01-02 00:00:00
C1002ACH079,-0.20411837581251913,PTT111,2021-01-02 00:00:00
SCS131,-0.0126015135054464,PTT111,2021-01-02 00:00:00
SCS126,-0.012674008242375924,PTT111,2021-01-02 00:00:00
SCS113,-0.019892437597535784,PTT111,2021-01-02 00:00:00
C1202STA039,-0.037701563596535655,PTT111,2021-01-02 00:00:00
SCS132,-0.030648893301776177,PTT111,2021-01-02 00:00:00
SCS144,-0.02027075692235939,PTT111,2021-01-02 00:00:00
SCS191,-0.004286301169195434,PTT111,2021-01-02 00:00:00
SCS151,-0.012199827231999274,PTT111,2021-01-02 00:00:00
SCS153,-0.03018952385087234,PTT111,2021-01-02 00:00:00
C1302ACH023,-0.009705105490404566,PTT111,2021-01-02 00:00:00
C1302ACL027,-0.01979670784436117,PTT111,2021-01-02 00:00:00
SCS193,-0.011095279717920629,PTT111,2021-01-02 00:00:00
SCS201,-0.013314743208471926,PTT111,2021-01-02 00:00:00
SCS205,-0.010781226485315203,PTT111,2021-01-02 00:00:00
C1304STA156,-0.017328113042708437,PTT111,2021-01-02 00:00:00
SCS181,-0.007087294333102369,PTT111,2021-01-02 00:00:00
C1002ACH043,-0.049324648267775925,PTT111,2021-01-02 00:00:00
SCS146,-0.02703031613087797,PTT111,2021-01-02 00:00:00
C1002ACH033,-0.022664584096023493,PTT111,2021-01-02 00:00:00
C0904STA197,-7.525514877593752e-17,PTT111,2021-01-02 00:00:00
C0904STA156,-0.03986585282565245,PTT111,2021-01-02 00:00:00
C0503ACH233,-0.017307825878248816,PTT111,2021-01-02 00:00:00
C0703STA102,-0.018717347782707755,PTT111,2021-01-02 00:00:00
C1603BCL014,-0.0038832294025206047,PTT111,2021-01-02 00:00:00
C2301ACL021,-0.01668248195978398,PTT111,2021-01-02 00:00:00
C2301STA175,-0.0041816505589885875,PTT111,2021-01-02 00:00:00
C2303BCL151,-0.008813461651855344,PTT111,2021-01-02 00:00:00
C0602STA026,-0.0018690484008860332,PTT111,2021-01-02 00:00:00
C0602STA030,-0.017177956885956313,PTT111,2021-01-02 00:00:00
C0602STA077,-0.030841342067844457,PTT111,2021-01-02 00:00:00
C0602STA082,-0.029936550684833026,PTT111,2021-01-02 00:00:00
C0501STA012,-0.02350301327879244,PTT111,2021-01-02 00:00:00
C0702STA030,-0.037194527268474574,PTT111,2021-01-02 00:00:00
SCS045,-0.009087943894489196,PTT111,2021-01-02 00:00:00
C0704STA187,-0.04780576803336224,PTT111,2021-01-02 00:00:00
C0802STA032,-0.0780518837249907,PTT111,2021-01-02 00:00:00
C0802STA091,-0.0316855884518548,PTT111,2021-01-02 00:00:00
C0804STA130,-0.026441822764968696,PTT111,2021-01-02 00:00:00
C0804STA189,-0.15699195061092544,PTT111,2021-01-02 00:00:00
C08PTT082,-0.0021498472344862927,PTT111,2021-01-02 00:00:00
C09PTT091,-0.002190157634121601,PTT111,2021-01-02 00:00:00
SCS091,-0.005517937047454918,PTT111,2021-01-02 00:00:00
C0604STA197,-0.023824843759949584,PTT111,2021-01-02 00:00:00
C1202STA030,-0.033512448351576574,PTT112,2021-01-02 00:00:00
C1202ACH055,-0.03953271308335008,PTT112,2021-01-02 00:00:00
SCS136,-0.011649911389588857,PTT112,2021-01-02 00:00:00
C1002ACH079,-0.20411837581251913,PTT112,2021-01-02 00:00:00
SCS131,-0.0126015135054464,PTT112,2021-01-02 00:00:00
SCS126,-0.012674008242375924,PTT112,2021-01-02 00:00:00
SCS113,-0.019892437597535784,PTT112,2021-01-02 00:00:00
C1202STA039,-0.037701563596535655,PTT112,2021-01-02 00:00:00
SCS132,-0.030648893301776177,PTT112,2021-01-02 00:00:00
SCS144,-0.02027075692235939,PTT112,2021-01-02 00:00:00
SCS191,-0.004286301169195434,PTT112,2021-01-02 00:00:00
SCS151,-0.012199827231999274,PTT112,2021-01-02 00:00:00
SCS153,-0.03018952385087234,PTT112,2021-01-02 00:00:00
C1302ACH023,-0.009705105490404566,PTT112,2021-01-02 00:00:00
C1302ACL027,-0.01979670784436117,PTT112,2021-01-02 00:00:00
SCS193,-0.011095279717920629,PTT112,2021-01-02 00:00:00
SCS201,-0.013314743208471926,PTT112,2021-01-02 00:00:00
SCS205,-0.010781226485315203,PTT112,2021-01-02 00:00:00
C1304STA156,-0.017328113042708437,PTT112,2021-01-02 00:00:00
SCS181,-0.007087294333102369,PTT112,2021-01-02 00:00:00
C1002ACH043,-0.049324648267775925,PTT112,2021-01-02 00:00:00
SCS146,-0.02703031613087797,PTT112,2021-01-02 00:00:00
C1002ACH033,-0.022664584096023493,PTT112,2021-01-02 00:00:00
C0904STA197,-7.525514877593752e-17,PTT112,2021-01-02 00:00:00
C0904STA156,-0.03986585282565245,PTT112,2021-01-02 00:00:00
C0503ACH233,-0.017307825878248816,PTT112,2021-01-02 00:00:00
C0703STA102,-0.018717347782707755,PTT112,2021-01-02 00:00:00
C1603BCL014,-0.0038832294025206047,PTT112,2021-01-02 00:00:00
C2301ACL021,-0.01668248195978398,PTT112,2021-01-02 00:00:00
C2301STA175,-0.0041816505589885875,PTT112,2021-01-02 00:00:00
C2303BCL151,-0.008813461651855344,PTT112,2021-01-02 00:00:00
C0602STA026,-0.0018690484008860332,PTT112,2021-01-02 00:00:00
C0602STA030,-0.017177956885956313,PTT112,2021-01-02 00:00:00
C0602STA077,-0.030841342067844457,PTT112,2021-01-02 00:00:00
C0602STA082,-0.029936550684833026,PTT112,2021-01-02 00:00:00
C0501STA012,-0.02350301327879244,PTT112,2021-01-02 00:00:00
C0702STA030,-0.037194527268474574,PTT112,2021-01-02 00:00:00
SCS045,-0.009087943894489196,PTT112,2021-01-02 00:00:00
C0704STA187,-0.04780576803336224,PTT112,2021-01-02 00:00:00
C0802STA032,-0.0780518837249907,PTT112,2021-01-02 00:00:00
C0802STA091,-0.0316855884518548,PTT112,2021-01-02 00:00:00
C0804STA130,-0.026441822764968696,PTT112,2021-01-02 00:00:00
C0804STA189,-0.15699195061092544,PTT112,2021-01-02 00:00:00
C08PTT082,-0.0021498472344862927,PTT112,2021-01-02 00:00:00
C09PTT091,-0.002190157634121601,PTT112,2021-01-02 00:00:00
SCS091,-0.005517937047454918,PTT112,2021-01-02 00:00:00
C0604STA197,-0.023824843759949584,PTT112,2021-01-02 00:00:00
C1202STA030,-0.033512448351576574,PTT121,2021-01-02 00:00:00
C1202ACH055,-0.03953271308335008,PTT121,2021-01-02 00:00:00
SCS136,-0.011649911389588857,PTT121,2021-01-02 00:00:00
C1002ACH079,-0.20411837581251913,PTT121,2021-01-02 00:00:00
SCS131,-0.0126015135054464,PTT121,2021-01-02 00:00:00
SCS126,-0.012674008242375924,PTT121,2021-01-02 00:00:00
SCS113,-0.019892437597535784,PTT121,2021-01-02 00:00:00
C1202STA039,-0.037701563596535655,PTT121,2021-01-02 00:00:00
SCS132,-0.030648893301776177,PTT121,2021-01-02 00:00:00
SCS144,-0.02027075692235939,PTT121,2021-01-02 00:00:00
SCS191,-0.004286301169195434,PTT121,2021-01-02 00:00:00
SCS151,-0.012199827231999274,PTT121,2021-01-02 00:00:00
SCS153,-0.03018952385087234,PTT121,2021-01-02 00:00:00
C1302ACH023,-0.009705105490404566,PTT121,2021-01-02 00:00:00
C1302ACL027,-0.01979670784436117,PTT121,2021-01-02 00:00:00
SCS193,-0.011095279717920629,PTT121,2021-01-02 00:00:00
SCS201,-0.013314743208471926,PTT121,2021-01-02 00:00:00
SCS205,-0.010781226485315203,PTT121,2021-01-02 00:00:00
C1304STA156,-0.017328113042708437,PTT121,2021-01-02 00:00:00
SCS181,-0.007087294333102369,PTT121,2021-01-02 00:00:00
C1002ACH043,-0.049324648267775925,PTT121,2021-01-02 00:00:00
SCS146,-0.02703031613087797,PTT121,2021-01-02 00:00:00
C1002ACH033,-0.022664584096023493,PTT121,2021-01-02 00:00:00
C0904STA197,-7.525514877593752e-17,PTT121,2021-01-02 00:00:00
C0904STA156,-0.03986585282565245,PTT121,2021-01-02 00:00:00
C0503ACH233,-0.017307825878248816,PTT121,2021-01-02 00:00:00
C0703STA102,-0.018717347782707755,PTT121,2021-01-02 00:00:00
C1603BCL014,-0.0038832294025206047,PTT121,2021-01-02 00:00:00
C2301ACL021,-0.01668248195978398,PTT121,2021-01-02 00:00:00
C2301STA175,-0.0041816505589885875,PTT121,2021-01-02 00:00:00
C2303BCL151,-0.008813461651855344,PTT121,2021-01-02 00:00:00
C0602STA026,-0.0018690484008860332,PTT121,2021-01-02 00:00:00
C0602STA030,-0.017177956885956313,PTT121,2021-01-02 00:00:00
C0602STA077,-0.030841342067844457,PTT121,2021-01-02 00:00:00
C0602STA082,-0.029936550684833026,PTT121,2021-01-02 00:00:00
C0501STA012,-0.02350301327879244,PTT121,2021-01-02 00:00:00
C0702STA030,-0.037194527268474574,PTT121,2021-01-02 00:00:00
SCS045,-0.009087943894489196,PTT121,2021-01-02 00:00:00
C0704STA187,-0.04780576803336224,PTT121,2021-01-02 00:00:00
C0802STA032,-0.0780518837249907,PTT121,2021-01-02 00:00:00
C0802STA091,-0.0316855884518548,PTT121,2021-01-02 00:00:00
C0804STA130,-0.026441822764968696,PTT121,2021-01-02 00:00:00
C0804STA189,-0.15699195061092544,PTT121,2021-01-02 00:00:00
C08PTT082,-0.0021498472344862927,PTT121,2021-01-02 00:00:00
C09PTT091,-0.002190157634121601,PTT121,2021-01-02 00:00:00
SCS091,-0.005517937047454918,PTT121,2021-01-02 00:00:00
C0604STA197,-0.023824843759949584,PTT121,2021-01-02 00:00:00
C1202ACH055,-0.03953271308335008,PTT122,2021-01-02 00:00:00
SCS136,-0.011649911389588857,PTT122,2021-01-02 00:00:00
SCS132,-0.030648893301776177,PTT122,2021-01-02 00:00:00
C1002ACH043,-0.049324648267775925,PTT122,2021-01-02 00:00:00
SCS126,-0.012674008242375924,PTT122,2021-01-02 00:00:00
SCS113,-0.019892437597535784,PTT122,2021-01-02 00:00:00
C1002ACH079,-0.20411837581251913,PTT122,2021-01-02 00:00:00
C1202STA030,-0.033512448351576574,PTT122,2021-01-02 00:00:00
SCS131,-0.0126015135054464,PTT122,2021-01-02 00:00:00
C1202STA039,-0.037701563596535655,PTT122,2021-01-02 00:00:00
C1302ACL027,-0.01979670784436117,PTT122,2021-01-02 00:00:00
SCS146,-0.02703031613087797,PTT122,2021-01-02 00:00:00
SCS151,-0.012199827231999274,PTT122,2021-01-02 00:00:00
SCS153,-0.03018952385087234,PTT122,2021-01-02 00:00:00
C1302ACH023,-0.009705105490404566,PTT122,2021-01-02 00:00:00
SCS191,-0.004286301169195434,PTT122,2021-01-02 00:00:00
SCS193,-0.011095279717920629,PTT122,2021-01-02 00:00:00
SCS201,-0.013314743208471926,PTT122,2021-01-02 00:00:00
SCS205,-0.010781226485315203,PTT122,2021-01-02 00:00:00
C1304STA156,-0.017328113042708437,PTT122,2021-01-02 00:00:00
C1002ACH033,-0.022664584096023493,PTT122,2021-01-02 00:00:00
SCS144,-0.02027075692235939,PTT122,2021-01-02 00:00:00
C0904STA197,-7.525514877593752e-17,PTT122,2021-01-02 00:00:00
SCS181,-0.007087294333102369,PTT122,2021-01-02 00:00:00
SCS091,-0.005517937047454918,PTT122,2021-01-02 00:00:00
C0501STA012,-0.02350301327879244,PTT122,2021-01-02 00:00:00
C0503ACH233,-0.017307825878248816,PTT122,2021-01-02 00:00:00
C0703STA102,-0.018717347782707755,PTT122,2021-01-02 00:00:00
C1603BCL014,-0.0038832294025206047,PTT122,2021-01-02 00:00:00
C2301ACL021,-0.01668248195978398,PTT122,2021-01-02 00:00:00
C2301STA175,-0.0041816505589885875,PTT122,2021-01-02 00:00:00
C2303BCL151,-0.008813461651855344,PTT122,2021-01-02 00:00:00
C0602STA026,-0.0018690484008860332,PTT122,2021-01-02 00:00:00
C0602STA030,-0.017177956885956313,PTT122,2021-01-02 00:00:00
C0602STA077,-0.030841342067844457,PTT122,2021-01-02 00:00:00
C0904STA156,-0.03986585282565245,PTT122,2021-01-02 00:00:00
C0604STA197,-0.023824843759949584,PTT122,2021-01-02 00:00:00
C0702STA030,-0.037194527268474574,PTT122,2021-01-02 00:00:00
SCS045,-0.009087943894489196,PTT122,2021-01-02 00:00:00
C0704STA187,-0.04780576803336224,PTT122,2021-01-02 00:00:00
C0802STA032,-0.0780518837249907,PTT122,2021-01-02 00:00:00
C0802STA091,-0.0316855884518548,PTT122,2021-01-02 00:00:00
C0804STA130,-0.026441822764968696,PTT122,2021-01-02 00:00:00
C0804STA189,-0.15699195061092544,PTT122,2021-01-02 00:00:00
C08PTT082,-0.0021498472344862927,PTT122,2021-01-02 00:00:00
C09PTT091,-0.002190157634121601,PTT122,2021-01-02 00:00:00
C0602STA082,-0.029936550684833026,PTT122,2021-01-02 00:00:00
C1202STA030,-0.033512448351576574,PTT131,2021-01-02 00:00:00
C1202ACH055,-0.03953271308335008,PTT131,2021-01-02 00:00:00
SCS136,-0.011649911389588857,PTT131,2021-01-02 00:00:00
C1002ACH079,-0.20411837581251913,PTT131,2021-01-02 00:00:00
SCS131,-0.0126015135054464,PTT131,2021-01-02 00:00:00
SCS126,-0.012674008242375924,PTT131,2021-01-02 00:00:00
SCS113,-0.019892437597535784,PTT131,2021-01-02 00:00:00
C1202STA039,-0.037701563596535655,PTT131,2021-01-02 00:00:00
SCS132,-0.030648893301776177,PTT131,2021-01-02 00:00:00
SCS144,-0.02027075692235939,PTT131,2021-01-02 00:00:00
SCS191,-0.004286301169195434,PTT131,2021-01-02 00:00:00
SCS151,-0.012199827231999274,PTT131,2021-01-02 00:00:00
SCS153,-0.03018952385087234,PTT131,2021-01-02 00:00:00
C1302ACH023,-0.009705105490404566,PTT131,2021-01-02 00:00:00
C1302ACL027,-0.01979670784436117,PTT131,2021-01-02 00:00:00
SCS193,-0.011095279717920629,PTT131,2021-01-02 00:00:00
SCS201,-0.013314743208471926,PTT131,2021-01-02 00:00:00
SCS205,-0.010781226485315203,PTT131,2021-01-02 00:00:00
C1304STA156,-0.017328113042708437,PTT131,2021-01-02 00:00:00
SCS181,-0.007087294333102369,PTT131,2021-01-02 00:00:00
C1002ACH043,-0.049324648267775925,PTT131,2021-01-02 00:00:00
SCS146,-0.02703031613087797,PTT131,2021-01-02 00:00:00
C1002ACH033,-0.022664584096023493,PTT131,2021-01-02 00:00:00
C0904STA197,-7.525514877593752e-17,PTT131,2021-01-02 00:00:00
C0904STA156,-0.03986585282565245,PTT131,2021-01-02 00:00:00
C0503ACH233,-0.017307825878248816,PTT131,2021-01-02 00:00:00
C0703STA102,-0.018717347782707755,PTT131,2021-01-02 00:00:00
C1603BCL014,-0.0038832294025206047,PTT131,2021-01-02 00:00:00
C2301ACL021,-0.01668248195978398,PTT131,2021-01-02 00:00:00
C2301STA175,-0.0041816505589885875,PTT131,2021-01-02 00:00:00
C2303BCL151,-0.008813461651855344,PTT131,2021-01-02 00:00:00
C0602STA026,-0.0018690484008860332,PTT131,2021-01-02 00:00:00
C0602STA030,-0.017177956885956313,PTT131,2021-01-02 00:00:00
C0602STA077,-0.030841342067844457,PTT131,2021-01-02 00:00:00
C0602STA082,-0.029936550684833026,PTT131,2021-01-02 00:00:00
C0501STA012,-0.02350301327879244,PTT131,2021-01-02 00:00:00
C0702STA030,-0.037194527268474574,PTT131,2021-01-02 00:00:00
SCS045,-0.009087943894489196,PTT131,2021-01-02 00:00:00
C0704STA187,-0.04780576803336224,PTT131,2021-01-02 00:00:00
C0802STA032,-0.0780518837249907,PTT131,2021-01-02 00:00:00
C0802STA091,-0.0316855884518548,PTT131,2021-01-02 00:00:00
C0804STA130,-0.026441822764968696,PTT131,2021-01-02 00:00:00
C0804STA189,-0.15699195061092544,PTT131,2021-01-02 00:00:00
C08PTT082,-0.0021498472344862927,PTT131,2021-01-02 00:00:00
C09PTT091,-0.002190157634121601,PTT131,2021-01-02 00:00:00
SCS091,-0.005517937047454918,PTT131,2021-01-02 00:00:00
C0604STA197,-0.023824843759949584,PTT131,2021-01-02 00:00:00
C1202ACH055,-0.03953271308335008,PTT132,2021-01-02 00:00:00
SCS136,-0.011649911389588857,PTT132,2021-01-02 00:00:00
SCS132,-0.030648893301776177,PTT132,2021-01-02 00:00:00
C1002ACH043,-0.049324648267775925,PTT132,2021-01-02 00:00:00
SCS126,-0.012674008242375924,PTT132,2021-01-02 00:00:00
SCS113,-0.019892437597535784,PTT132,2021-01-02 00:00:00
C1002ACH079,-0.20411837581251913,PTT132,2021-01-02 00:00:00
C1202STA030,-0.033512448351576574,PTT132,2021-01-02 00:00:00
SCS131,-0.0126015135054464,PTT132,2021-01-02 00:00:00
C1202STA039,-0.037701563596535655,PTT132,2021-01-02 00:00:00
C1302ACL027,-0.01979670784436117,PTT132,2021-01-02 00:00:00
SCS146,-0.02703031613087797,PTT132,2021-01-02 00:00:00
SCS151,-0.012199827231999274,PTT132,2021-01-02 00:00:00
SCS153,-0.03018952385087234,PTT132,2021-01-02 00:00:00
C1302ACH023,-0.009705105490404566,PTT132,2021-01-02 00:00:00
SCS191,-0.004286301169195434,PTT132,2021-01-02 00:00:00
SCS193,-0.011095279717920629,PTT132,2021-01-02 00:00:00
SCS201,-0.013314743208471926,PTT132,2021-01-02 00:00:00
SCS205,-0.010781226485315203,PTT132,2021-01-02 00:00:00
C1304STA156,-0.017328113042708437,PTT132,2021-01-02 00:00:00
C1002ACH033,-0.022664584096023493,PTT132,2021-01-02 00:00:00
SCS144,-0.02027075692235939,PTT132,2021-01-02 00:00:00
C0904STA197,-7.525514877593752e-17,PTT132,2021-01-02 00:00:00
SCS181,-0.007087294333102369,PTT132,2021-01-02 00:00:00
SCS091,-0.005517937047454918,PTT132,2021-01-02 00:00:00
C0501STA012,-0.02350301327879244,PTT132,2021-01-02 00:00:00
C0503ACH233,-0.017307825878248816,PTT132,2021-01-02 00:00:00
C0703STA102,-0.018717347782707755,PTT132,2021-01-02 00:00:00
C1603BCL014,-0.0038832294025206047,PTT132,2021-01-02 00:00:00
C2301ACL021,-0.01668248195978398,PTT132,2021-01-02 00:00:00
C2301STA175,-0.0041816505589885875,PTT132,2021-01-02 00:00:00
C2303BCL151,-0.008813461651855344,PTT132,2021-01-02 00:00:00
C0602STA026,-0.0018690484008860332,PTT132,2021-01-02 00:00:00
C0602STA030,-0.017177956885956313,PTT132,2021-01-02 00:00:00
C0602STA077,-0.030841342067844457,PTT132,2021-01-02 00:00:00
C0904STA156,-0.03986585282565245,PTT132,2021-01-02 00:00:00
C0604STA197,-0.023824843759949584,PTT132,2021-01-02 00:00:00
C0702STA030,-0.037194527268474574,PTT132,2021-01-02 00:00:00
SCS045,-0.009087943894489196,PTT132,2021-01-02 00:00:00
C0704STA187,-0.04780576803336224,PTT132,2021-01-02 00:00:00
C0802STA032,-0.0780518837249907,PTT132,2021-01-02 00:00:00
C0802STA091,-0.0316855884518548,PTT132,2021-01-02 00:00:00
C0804STA130,-0.026441822764968696,PTT132,2021-01-02 00:00:00
C0804STA189,-0.15699195061092544,PTT132,2021-01-02 00:00:00
C08PTT082,-0.0021498472344862927,PTT132,2021-01-02 00:00:00
C09PTT091,-0.002190157634121601,PTT132,2021-01-02 00:00:00
C0602STA082,-0.029936550684833026,PTT132,2021-01-02 00:00:00
C1202ACH055,-0.03953271308335008,PTT141,2021-01-02 00:00:00
SCS136,-0.011649911389588857,PTT141,2021-01-02 00:00:00
SCS132,-0.030648893301776177,PTT141,2021-01-02 00:00:00
C1002ACH043,-0.049324648267775925,PTT141,2021-01-02 00:00:00
SCS126,-0.012674008242375924,PTT141,2021-01-02 00:00:00
SCS113,-0.019892437597535784,PTT141,2021-01-02 00:00:00
C1002ACH079,-0.20411837581251913,PTT141,2021-01-02 00:00:00
C1202STA030,-0.033512448351576574,PTT141,2021-01-02 00:00:00
SCS131,-0.0126015135054464,PTT141,2021-01-02 00:00:00
C1202STA039,-0.037701563596535655,PTT141,2021-01-02 00:00:00
C1302ACL027,-0.01979670784436117,PTT141,2021-01-02 00:00:00
SCS146,-0.02703031613087797,PTT141,2021-01-02 00:00:00
SCS151,-0.012199827231999274,PTT141,2021-01-02 00:00:00
SCS153,-0.03018952385087234,PTT141,2021-01-02 00:00:00
C1302ACH023,-0.009705105490404566,PTT141,2021-01-02 00:00:00
SCS191,-0.004286301169195434,PTT141,2021-01-02 00:00:00
SCS193,-0.011095279717920629,PTT141,2021-01-02 00:00:00
SCS201,-0.013314743208471926,PTT141,2021-01-02 00:00:00
SCS205,-0.010781226485315203,PTT141,2021-01-02 00:00:00
C1304STA156,-0.017328113042708437,PTT141,2021-01-02 00:00:00
C1002ACH033,-0.022664584096023493,PTT141,2021-01-02 00:00:00
SCS144,-0.02027075692235939,PTT141,2021-01-02 00:00:00
C0904STA197,-7.525514877593752e-17,PTT141,2021-01-02 00:00:00
SCS181,-0.007087294333102369,PTT141,2021-01-02 00:00:00
SCS091,-0.005517937047454918,PTT141,2021-01-02 00:00:00
C0501STA012,-0.02350301327879244,PTT141,2021-01-02 00:00:00
C0503ACH233,-0.017307825878248816,PTT141,2021-01-02 00:00:00
C0703STA102,-0.018717347782707755,PTT141,2021-01-02 00:00:00
C1603BCL014,-0.0038832294025206047,PTT141,2021-01-02 00:00:00
C2301ACL021,-0.01668248195978398,PTT141,2021-01-02 00:00:00
C2301STA175,-0.0041816505589885875,PTT141,2021-01-02 00:00:00
C2303BCL151,-0.008813461651855344,PTT141,2021-01-02 00:00:00
C0602STA026,-0.0018690484008860332,PTT141,2021-01-02 00:00:00
C0602STA030,-0.017177956885956313,PTT141,2021-01-02 00:00:00
C0602STA077,-0.030841342067844457,PTT141,2021-01-02 00:00:00
C0904STA156,-0.03986585282565245,PTT141,2021-01-02 00:00:00
C0604STA197,-0.023824843759949584,PTT141,2021-01-02 00:00:00
C0702STA030,-0.037194527268474574,PTT141,2021-01-02 00:00:00
SCS045,-0.009087943894489196,PTT141,2021-01-02 00:00:00
C0704STA187,-0.04780576803336224,PTT141,2021-01-02 00:00:00
C0802STA032,-0.0780518837249907,PTT141,2021-01-02 00:00:00
C0802STA091,-0.0316855884518548,PTT141,2021-01-02 00:00:00
C0804STA130,-0.026441822764968696,PTT141,2021-01-02 00:00:00
C0804STA189,-0.15699195061092544,PTT141,2021-01-02 00:00:00
C08PTT082,-0.0021498472344862927,PTT141,2021-01-02 00:00:00
C09PTT091,-0.002190157634121601,PTT141,2021-01-02 00:00:00
C0602STA082,-0.029936550684833026,PTT141,2021-01-02 00:00:00
C1202ACH055,-0.03953271308335008,PTT142,2021-01-02 00:00:00
SCS136,-0.011649911389588857,PTT142,2021-01-02 00:00:00
SCS132,-0.030648893301776177,PTT142,2021-01-02 00:00:00
C1002ACH043,-0.049324648267775925,PTT142,2021-01-02 00:00:00
SCS126,-0.012674008242375924,PTT142,2021-01-02 00:00:00
SCS113,-0.019892437597535784,PTT142,2021-01-02 00:00:00
C1002ACH079,-0.20411837581251913,PTT142,2021-01-02 00:00:00
C1202STA030,-0.033512448351576574,PTT142,2021-01-02 00:00:00
SCS131,-0.0126015135054464,PTT142,2021-01-02 00:00:00
C1202STA039,-0.037701563596535655,PTT142,2021-01-02 00:00:00
C1302ACL027,-0.01979670784436117,PTT142,2021-01-02 00:00:00
SCS146,-0.02703031613087797,PTT142,2021-01-02 00:00:00
SCS151,-0.012199827231999274,PTT142,2021-01-02 00:00:00
SCS153,-0.03018952385087234,PTT142,2021-01-02 00:00:00
C1302ACH023,-0.009705105490404566,PTT142,2021-01-02 00:00:00
SCS191,-0.004286301169195434,PTT142,2021-01-02 00:00:00
SCS193,-0.011095279717920629,PTT142,2021-01-02 00:00:00
SCS201,-0.013314743208471926,PTT142,2021-01-02 00:00:00
SCS205,-0.010781226485315203,PTT142,2021-01-02 00:00:00
C1304STA156,-0.017328113042708437,PTT142,2021-01-02 00:00:00
C1002ACH033,-0.022664584096023493,PTT142,2021-01-02 00:00:00
SCS144,-0.02027075692235939,PTT142,2021-01-02 00:00:00
SCS181,-0.007087294333102369,PTT142,2021-01-02 00:00:00
C0904STA197,-7.525514877593752e-17,PTT142,2021-01-02 00:00:00
SCS091,-0.005517937047454918,PTT142,2021-01-02 00:00:00
C0904STA156,-0.03986585282565245,PTT142,2021-01-02 00:00:00
C0501STA012,-0.02350301327879244,PTT142,2021-01-02 00:00:00
C0503ACH233,-0.017307825878248816,PTT142,2021-01-02 00:00:00
C0703STA102,-0.018717347782707755,PTT142,2021-01-02 00:00:00
C1603BCL014,-0.0038832294025206047,PTT142,2021-01-02 00:00:00
C2301ACL021,-0.01668248195978398,PTT142,2021-01-02 00:00:00
C2303BCL151,-0.008813461651855344,PTT142,2021-01-02 00:00:00
C0602STA026,-0.0018690484008860332,PTT142,2021-01-02 00:00:00
C0602STA030,-0.017177956885956313,PTT142,2021-01-02 00:00:00
C0602STA077,-0.030841342067844457,PTT142,2021-01-02 00:00:00
C2301STA175,-0.0041816505589885875,PTT142,2021-01-02 00:00:00
C0604STA197,-0.023824843759949584,PTT142,2021-01-02 00:00:00
C0602STA082,-0.029936550684833026,PTT142,2021-01-02 00:00:00
C08PTT082,-0.0021498472344862927,PTT142,2021-01-02 00:00:00
C0804STA189,-0.15699195061092544,PTT142,2021-01-02 00:00:00
C0804STA130,-0.026441822764968696,PTT142,2021-01-02 00:00:00
C0802STA091,-0.0316855884518548,PTT142,2021-01-02 00:00:00
C09PTT091,-0.002190157634121601,PTT142,2021-01-02 00:00:00
C0704STA187,-0.04780576803336224,PTT142,2021-01-02 00:00:00
SCS045,-0.009087943894489196,PTT142,2021-01-02 00:00:00
C0702STA030,-0.037194527268474574,PTT142,2021-01-02 00:00:00
C0802STA032,-0.0780518837249907,PTT142,2021-01-02 00:00:00
C1202STA030,-0.033512448351576574,PTT151,2021-01-02 00:00:00
C1002ACH043,-0.049324648267775925,PTT151,2021-01-02 00:00:00
C1002ACH079,-0.20411837581251913,PTT151,2021-01-02 00:00:00
SCS113,-0.019892437597535784,PTT151,2021-01-02 00:00:00
SCS126,-0.012674008242375924,PTT151,2021-01-02 00:00:00
SCS131,-0.0126015135054464,PTT151,2021-01-02 00:00:00
SCS132,-0.030648893301776177,PTT151,2021-01-02 00:00:00
SCS136,-0.011649911389588857,PTT151,2021-01-02 00:00:00
C1202ACH055,-0.03953271308335008,PTT151,2021-01-02 00:00:00
C1202STA039,-0.037701563596535655,PTT151,2021-01-02 00:00:00
C1002ACH033,-0.022664584096023493,PTT151,2021-01-02 00:00:00
SCS146,-0.02703031613087797,PTT151,2021-01-02 00:00:00
SCS151,-0.012199827231999274,PTT151,2021-01-02 00:00:00
SCS153,-0.03018952385087234,PTT151,2021-01-02 00:00:00
C1302ACH023,-0.009705105490404566,PTT151,2021-01-02 00:00:00
C1302ACL027,-0.01979670784436117,PTT151,2021-01-02 00:00:00
SCS191,-0.004286301169195434,PTT151,2021-01-02 00:00:00
SCS193,-0.011095279717920629,PTT151,2021-01-02 00:00:00
SCS201,-0.013314743208471926,PTT151,2021-01-02 00:00:00
SCS205,-0.010781226485315203,PTT151,2021-01-02 00:00:00
C1304STA156,-0.017328113042708437,PTT151,2021-01-02 00:00:00
SCS181,-0.007087294333102369,PTT151,2021-01-02 00:00:00
C0904STA197,-7.525514877593752e-17,PTT151,2021-01-02 00:00:00
SCS144,-0.02027075692235939,PTT151,2021-01-02 00:00:00
SCS091,-0.005517937047454918,PTT151,2021-01-02 00:00:00
C0501STA012,-0.02350301327879244,PTT151,2021-01-02 00:00:00
C0503ACH233,-0.017307825878248816,PTT151,2021-01-02 00:00:00
C0703STA102,-0.018717347782707755,PTT151,2021-01-02 00:00:00
C1603BCL014,-0.0038832294025206047,PTT151,2021-01-02 00:00:00
C2301ACL021,-0.01668248195978398,PTT151,2021-01-02 00:00:00
C2301STA175,-0.0041816505589885875,PTT151,2021-01-02 00:00:00
C2303BCL151,-0.008813461651855344,PTT151,2021-01-02 00:00:00
C0602STA026,-0.0018690484008860332,PTT151,2021-01-02 00:00:00
C0602STA030,-0.017177956885956313,PTT151,2021-01-02 00:00:00
C0602STA077,-0.030841342067844457,PTT151,2021-01-02 00:00:00
C0904STA156,-0.03986585282565245,PTT151,2021-01-02 00:00:00
C0604STA197,-0.023824843759949584,PTT151,2021-01-02 00:00:00
C0702STA030,-0.037194527268474574,PTT151,2021-01-02 00:00:00
SCS045,-0.009087943894489196,PTT151,2021-01-02 00:00:00
C0704STA187,-0.04780576803336224,PTT151,2021-01-02 00:00:00
C0802STA032,-0.0780518837249907,PTT151,2021-01-02 00:00:00
C0802STA091,-0.0316855884518548,PTT151,2021-01-02 00:00:00
C0804STA130,-0.026441822764968696,PTT151,2021-01-02 00:00:00
C0804STA189,-0.15699195061092544,PTT151,2021-01-02 00:00:00
C08PTT082,-0.0021498472344862927,PTT151,2021-01-02 00:00:00
C09PTT091,-0.002190157634121601,PTT151,2021-01-02 00:00:00
C0602STA082,-0.029936550684833026,PTT151,2021-01-02 00:00:00
C1202ACH055,-0.03953271308335008,PTT152,2021-01-02 00:00:00
SCS136,-0.011649911389588857,PTT152,2021-01-02 00:00:00
SCS132,-0.030648893301776177,PTT152,2021-01-02 00:00:00
C1002ACH043,-0.049324648267775925,PTT152,2021-01-02 00:00:00
SCS126,-0.012674008242375924,PTT152,2021-01-02 00:00:00
SCS113,-0.019892437597535784,PTT152,2021-01-02 00:00:00
C1002ACH079,-0.20411837581251913,PTT152,2021-01-02 00:00:00
C1202STA030,-0.033512448351576574,PTT152,2021-01-02 00:00:00
SCS131,-0.0126015135054464,PTT152,2021-01-02 00:00:00
C1202STA039,-0.037701563596535655,PTT152,2021-01-02 00:00:00
C1302ACL027,-0.01979670784436117,PTT152,2021-01-02 00:00:00
SCS146,-0.02703031613087797,PTT152,2021-01-02 00:00:00
SCS151,-0.012199827231999274,PTT152,2021-01-02 00:00:00
SCS153,-0.03018952385087234,PTT152,2021-01-02 00:00:00
C1302ACH023,-0.009705105490404566,PTT152,2021-01-02 00:00:00
SCS191,-0.004286301169195434,PTT152,2021-01-02 00:00:00
SCS193,-0.011095279717920629,PTT152,2021-01-02 00:00:00
SCS201,-0.013314743208471926,PTT152,2021-01-02 00:00:00
SCS205,-0.010781226485315203,PTT152,2021-01-02 00:00:00
C1304STA156,-0.017328113042708437,PTT152,2021-01-02 00:00:00
C1002ACH033,-0.022664584096023493,PTT152,2021-01-02 00:00:00
SCS144,-0.02027075692235939,PTT152,2021-01-02 00:00:00
C0904STA197,-7.525514877593752e-17,PTT152,2021-01-02 00:00:00
SCS181,-0.007087294333102369,PTT152,2021-01-02 00:00:00
SCS091,-0.005517937047454918,PTT152,2021-01-02 00:00:00
C0501STA012,-0.02350301327879244,PTT152,2021-01-02 00:00:00
C0503ACH233,-0.017307825878248816,PTT152,2021-01-02 00:00:00
C0703STA102,-0.018717347782707755,PTT152,2021-01-02 00:00:00
C1603BCL014,-0.0038832294025206047,PTT152,2021-01-02 00:00:00
C2301ACL021,-0.01668248195978398,PTT152,2021-01-02 00:00:00
C2301STA175,-0.0041816505589885875,PTT152,2021-01-02 00:00:00
C2303BCL151,-0.008813461651855344,PTT152,2021-01-02 00:00:00
C0602STA026,-0.0018690484008860332,PTT152,2021-01-02 00:00:00
C0602STA030,-0.017177956885956313,PTT152,2021-01-02 00:00:00
C0602STA077,-0.030841342067844457,PTT152,2021-01-02 00:00:00
C0904STA156,-0.03986585282565245,PTT152,2021-01-02 00:00:00
C0604STA197,-0.023824843759949584,PTT152,2021-01-02 00:00:00
C0702STA030,-0.037194527268474574,PTT152,2021-01-02 00:00:00
SCS045,-0.009087943894489196,PTT152,2021-01-02 00:00:00
C0704STA187,-0.04780576803336224,PTT152,2021-01-02 00:00:00
C0802STA032,-0.0780518837249907,PTT152,2021-01-02 00:00:00
C0802STA091,-0.0316855884518548,PTT152,2021-01-02 00:00:00
C0804STA130,-0.026441822764968696,PTT152,2021-01-02 00:00:00
C0804STA189,-0.15699195061092544,PTT152,2021-01-02 00:00:00
C08PTT082,-0.0021498472344862927,PTT152,2021-01-02 00:00:00
C09PTT091,-0.002190157634121601,PTT152,2021-01-02 00:00:00
C0602STA082,-0.029936550684833026,PTT152,2021-01-02 00:00:00
C1202ACH055,-0.03953271308335008,PTT171,2021-01-02 00:00:00
SCS136,-0.011649911389588857,PTT171,2021-01-02 00:00:00
SCS132,-0.030648893301776177,PTT171,2021-01-02 00:00:00
C1002ACH043,-0.049324648267775925,PTT171,2021-01-02 00:00:00
SCS126,-0.012674008242375924,PTT171,2021-01-02 00:00:00
SCS113,-0.019892437597535784,PTT171,2021-01-02 00:00:00
C1002ACH079,-0.20411837581251913,PTT171,2021-01-02 00:00:00
C1202STA030,-0.033512448351576574,PTT171,2021-01-02 00:00:00
SCS131,-0.0126015135054464,PTT171,2021-01-02 00:00:00
C1202STA039,-0.037701563596535655,PTT171,2021-01-02 00:00:00
C1302ACL027,-0.01979670784436117,PTT171,2021-01-02 00:00:00
SCS146,-0.02703031613087797,PTT171,2021-01-02 00:00:00
SCS151,-0.012199827231999274,PTT171,2021-01-02 00:00:00
SCS153,-0.03018952385087234,PTT171,2021-01-02 00:00:00
C1302ACH023,-0.009705105490404566,PTT171,2021-01-02 00:00:00
SCS191,-0.004286301169195434,PTT171,2021-01-02 00:00:00
SCS193,-0.011095279717920629,PTT171,2021-01-02 00:00:00
SCS201,-0.013314743208471926,PTT171,2021-01-02 00:00:00
SCS205,-0.010781226485315203,PTT171,2021-01-02 00:00:00
C1304STA156,-0.017328113042708437,PTT171,2021-01-02 00:00:00
C1002ACH033,-0.022664584096023493,PTT171,2021-01-02 00:00:00
SCS144,-0.02027075692235939,PTT171,2021-01-02 00:00:00
SCS181,-0.007087294333102369,PTT171,2021-01-02 00:00:00
C0904STA197,-7.525514877593752e-17,PTT171,2021-01-02 00:00:00
SCS091,-0.005517937047454918,PTT171,2021-01-02 00:00:00
C0904STA156,-0.03986585282565245,PTT171,2021-01-02 00:00:00
C0501STA012,-0.02350301327879244,PTT171,2021-01-02 00:00:00
C0503ACH233,-0.017307825878248816,PTT171,2021-01-02 00:00:00
C0703STA102,-0.018717347782707755,PTT171,2021-01-02 00:00:00
C1603BCL014,-0.0038832294025206047,PTT171,2021-01-02 00:00:00
C2301ACL021,-0.01668248195978398,PTT171,2021-01-02 00:00:00
C2303BCL151,-0.008813461651855344,PTT171,2021-01-02 00:00:00
C0602STA026,-0.0018690484008860332,PTT171,2021-01-02 00:00:00
C0602STA030,-0.017177956885956313,PTT171,2021-01-02 00:00:00
C0602STA077,-0.030841342067844457,PTT171,2021-01-02 00:00:00
C2301STA175,-0.0041816505589885875,PTT171,2021-01-02 00:00:00
C0604STA197,-0.023824843759949584,PTT171,2021-01-02 00:00:00
C0602STA082,-0.029936550684833026,PTT171,2021-01-02 00:00:00
C08PTT082,-0.0021498472344862927,PTT171,2021-01-02 00:00:00
C0804STA189,-0.15699195061092544,PTT171,2021-01-02 00:00:00
C0804STA130,-0.026441822764968696,PTT171,2021-01-02 00:00:00
C0802STA091,-0.0316855884518548,PTT171,2021-01-02 00:00:00
C09PTT091,-0.002190157634121601,PTT171,2021-01-02 00:00:00
C0704STA187,-0.04780576803336224,PTT171,2021-01-02 00:00:00
SCS045,-0.009087943894489196,PTT171,2021-01-02 00:00:00
C0702STA030,-0.037194527268474574,PTT171,2021-01-02 00:00:00
C0802STA032,-0.0780518837249907,PTT171,2021-01-02 00:00:00
C1202STA039,-0.037701563596535655,PTT172,2021-01-02 00:00:00
C1002ACH079,-0.20411837581251913,PTT172,2021-01-02 00:00:00
SCS113,-0.019892437597535784,PTT172,2021-01-02 00:00:00
SCS126,-0.012674008242375924,PTT172,2021-01-02 00:00:00
SCS131,-0.0126015135054464,PTT172,2021-01-02 00:00:00
SCS132,-0.030648893301776177,PTT172,2021-01-02 00:00:00
SCS136,-0.011649911389588857,PTT172,2021-01-02 00:00:00
C1202ACH055,-0.03953271308335008,PTT172,2021-01-02 00:00:00
C1202STA030,-0.033512448351576574,PTT172,2021-01-02 00:00:00
SCS144,-0.02027075692235939,PTT172,2021-01-02 00:00:00
C1002ACH043,-0.049324648267775925,PTT172,2021-01-02 00:00:00
SCS151,-0.012199827231999274,PTT172,2021-01-02 00:00:00
SCS153,-0.03018952385087234,PTT172,2021-01-02 00:00:00
C1302ACH023,-0.009705105490404566,PTT172,2021-01-02 00:00:00
C1302ACL027,-0.01979670784436117,PTT172,2021-01-02 00:00:00
SCS191,-0.004286301169195434,PTT172,2021-01-02 00:00:00
SCS193,-0.011095279717920629,PTT172,2021-01-02 00:00:00
SCS201,-0.013314743208471926,PTT172,2021-01-02 00:00:00
SCS205,-0.010781226485315203,PTT172,2021-01-02 00:00:00
C1304STA156,-0.017328113042708437,PTT172,2021-01-02 00:00:00
SCS181,-0.007087294333102369,PTT172,2021-01-02 00:00:00
SCS146,-0.02703031613087797,PTT172,2021-01-02 00:00:00
C1002ACH033,-0.022664584096023493,PTT172,2021-01-02 00:00:00
C0602STA082,-0.029936550684833026,PTT172,2021-01-02 00:00:00
C0904STA156,-0.03986585282565245,PTT172,2021-01-02 00:00:00
C0904STA197,-7.525514877593752e-17,PTT172,2021-01-02 00:00:00
C0501STA012,-0.02350301327879244,PTT172,2021-01-02 00:00:00
C0703STA102,-0.018717347782707755,PTT172,2021-01-02 00:00:00
C1603BCL014,-0.0038832294025206047,PTT172,2021-01-02 00:00:00
C2301ACL021,-0.01668248195978398,PTT172,2021-01-02 00:00:00
C2301STA175,-0.0041816505589885875,PTT172,2021-01-02 00:00:00
C2303BCL151,-0.008813461651855344,PTT172,2021-01-02 00:00:00
C0602STA026,-0.0018690484008860332,PTT172,2021-01-02 00:00:00
C0602STA030,-0.017177956885956313,PTT172,2021-01-02 00:00:00
C0602STA077,-0.030841342067844457,PTT172,2021-01-02 00:00:00
C0503ACH233,-0.017307825878248816,PTT172,2021-01-02 00:00:00
C0702STA030,-0.037194527268474574,PTT172,2021-01-02 00:00:00
SCS045,-0.009087943894489196,PTT172,2021-01-02 00:00:00
C0704STA187,-0.04780576803336224,PTT172,2021-01-02 00:00:00
C0802STA032,-0.0780518837249907,PTT172,2021-01-02 00:00:00
C0802STA091,-0.0316855884518548,PTT172,2021-01-02 00:00:00
C0804STA130,-0.026441822764968696,PTT172,2021-01-02 00:00:00
C0804STA189,-0.15699195061092544,PTT172,2021-01-02 00:00:00
C08PTT082,-0.0021498472344862927,PTT172,2021-01-02 00:00:00
SCS091,-0.005517937047454918,PTT172,2021-01-02 00:00:00
C09PTT091,-0.002190157634121601,PTT172,2021-01-02 00:00:00
C0604STA197,-0.023824843759949584,PTT172,2021-01-02 00:00:00
SCS201,-0.013314743208471926,PTT181,2021-01-02 00:00:00
SCS136,-0.011649911389588857,PTT181,2021-01-02 00:00:00
SCS132,-0.030648893301776177,PTT181,2021-01-02 00:00:00
C1002ACH079,-0.20411837581251913,PTT181,2021-01-02 00:00:00
SCS126,-0.012674008242375924,PTT181,2021-01-02 00:00:00
SCS113,-0.019892437597535784,PTT181,2021-01-02 00:00:00
C1202ACH055,-0.03953271308335008,PTT181,2021-01-02 00:00:00
SCS131,-0.0126015135054464,PTT181,2021-01-02 00:00:00
C1202STA030,-0.033512448351576574,PTT181,2021-01-02 00:00:00
SCS153,-0.03018952385087234,PTT181,2021-01-02 00:00:00
SCS144,-0.02027075692235939,PTT181,2021-01-02 00:00:00
SCS146,-0.02703031613087797,PTT181,2021-01-02 00:00:00
SCS151,-0.012199827231999274,PTT181,2021-01-02 00:00:00
C1302ACH023,-0.009705105490404566,PTT181,2021-01-02 00:00:00
C1302ACL027,-0.01979670784436117,PTT181,2021-01-02 00:00:00
SCS191,-0.004286301169195434,PTT181,2021-01-02 00:00:00
SCS193,-0.011095279717920629,PTT181,2021-01-02 00:00:00
C1002ACH043,-0.049324648267775925,PTT181,2021-01-02 00:00:00
C1202STA039,-0.037701563596535655,PTT181,2021-01-02 00:00:00
C1002ACH033,-0.022664584096023493,PTT181,2021-01-02 00:00:00
SCS045,-0.009087943894489196,PTT181,2021-01-02 00:00:00
C0904STA156,-0.03986585282565245,PTT181,2021-01-02 00:00:00
C0703STA102,-0.018717347782707755,PTT181,2021-01-02 00:00:00
C1603BCL014,-0.0038832294025206047,PTT181,2021-01-02 00:00:00
C2301ACL021,-0.01668248195978398,PTT181,2021-01-02 00:00:00
C2301STA175,-0.0041816505589885875,PTT181,2021-01-02 00:00:00
C2303BCL151,-0.008813461651855344,PTT181,2021-01-02 00:00:00
C0602STA026,-0.0018690484008860332,PTT181,2021-01-02 00:00:00
C0602STA030,-0.017177956885956313,PTT181,2021-01-02 00:00:00
C0602STA077,-0.030841342067844457,PTT181,2021-01-02 00:00:00
C0602STA082,-0.029936550684833026,PTT181,2021-01-02 00:00:00
C0904STA197,-7.525514877593752e-17,PTT181,2021-01-02 00:00:00
C0604STA197,-0.023824843759949584,PTT181,2021-01-02 00:00:00
SCS205,-0.010781226485315203,PTT181,2021-01-02 00:00:00
C0704STA187,-0.04780576803336224,PTT181,2021-01-02 00:00:00
C0802STA032,-0.0780518837249907,PTT181,2021-01-02 00:00:00
C0802STA091,-0.0316855884518548,PTT181,2021-01-02 00:00:00
C0804STA130,-0.026441822764968696,PTT181,2021-01-02 00:00:00
C0804STA189,-0.15699195061092544,PTT181,2021-01-02 00:00:00
C08PTT082,-0.0021498472344862927,PTT181,2021-01-02 00:00:00
C09PTT091,-0.002190157634121601,PTT181,2021-01-02 00:00:00
SCS091,-0.005517937047454918,PTT181,2021-01-02 00:00:00
C0702STA030,-0.037194527268474574,PTT181,2021-01-02 00:00:00
C1304STA156,-0.017328113042708437,PTT181,2021-01-02 00:00:00
C0501STA012,-0.02350301327879244,PTT181,2021-01-02 00:00:00
SCS181,-0.007087294333102369,PTT181,2021-01-02 00:00:00
C0503ACH233,-0.017307825878248816,PTT181,2021-01-02 00:00:00
C1002ACH043,-0.049324648267775925,PTT182,2021-01-02 00:00:00
C1002ACH079,-0.20411837581251913,PTT182,2021-01-02 00:00:00
SCS113,-0.019892437597535784,PTT182,2021-01-02 00:00:00
SCS126,-0.012674008242375924,PTT182,2021-01-02 00:00:00
SCS131,-0.0126015135054464,PTT182,2021-01-02 00:00:00
SCS132,-0.030648893301776177,PTT182,2021-01-02 00:00:00
SCS136,-0.011649911389588857,PTT182,2021-01-02 00:00:00
C1202ACH055,-0.03953271308335008,PTT182,2021-01-02 00:00:00
C1202STA030,-0.033512448351576574,PTT182,2021-01-02 00:00:00
C0501STA012,-0.02350301327879244,PTT182,2021-01-02 00:00:00
SCS144,-0.02027075692235939,PTT182,2021-01-02 00:00:00
SCS146,-0.02703031613087797,PTT182,2021-01-02 00:00:00
SCS151,-0.012199827231999274,PTT182,2021-01-02 00:00:00
SCS153,-0.03018952385087234,PTT182,2021-01-02 00:00:00
C1302ACH023,-0.009705105490404566,PTT182,2021-01-02 00:00:00
C1302ACL027,-0.01979670784436117,PTT182,2021-01-02 00:00:00
SCS191,-0.004286301169195434,PTT182,2021-01-02 00:00:00
SCS193,-0.011095279717920629,PTT182,2021-01-02 00:00:00
SCS201,-0.013314743208471926,PTT182,2021-01-02 00:00:00
C1002ACH033,-0.022664584096023493,PTT182,2021-01-02 00:00:00
C1202STA039,-0.037701563596535655,PTT182,2021-01-02 00:00:00
C0904STA197,-7.525514877593752e-17,PTT182,2021-01-02 00:00:00
SCS091,-0.005517937047454918,PTT182,2021-01-02 00:00:00
C0503ACH233,-0.017307825878248816,PTT182,2021-01-02 00:00:00
C0703STA102,-0.018717347782707755,PTT182,2021-01-02 00:00:00
C1603BCL014,-0.0038832294025206047,PTT182,2021-01-02 00:00:00
C2301ACL021,-0.01668248195978398,PTT182,2021-01-02 00:00:00
C2301STA175,-0.0041816505589885875,PTT182,2021-01-02 00:00:00
C2303BCL151,-0.008813461651855344,PTT182,2021-01-02 00:00:00
C0602STA026,-0.0018690484008860332,PTT182,2021-01-02 00:00:00
C0602STA030,-0.017177956885956313,PTT182,2021-01-02 00:00:00
C0602STA082,-0.029936550684833026,PTT182,2021-01-02 00:00:00
C0904STA156,-0.03986585282565245,PTT182,2021-01-02 00:00:00
C0604STA197,-0.023824843759949584,PTT182,2021-01-02 00:00:00
SCS045,-0.009087943894489196,PTT182,2021-01-02 00:00:00
SCS205,-0.010781226485315203,PTT182,2021-01-02 00:00:00
C0704STA187,-0.04780576803336224,PTT182,2021-01-02 00:00:00
C0802STA032,-0.0780518837249907,PTT182,2021-01-02 00:00:00
C0802STA091,-0.0316855884518548,PTT182,2021-01-02 00:00:00
C0804STA130,-0.026441822764968696,PTT182,2021-01-02 00:00:00
C0804STA189,-0.15699195061092544,PTT182,2021-01-02 00:00:00
C08PTT082,-0.0021498472344862927,PTT182,2021-01-02 00:00:00
C09PTT091,-0.002190157634121601,PTT182,2021-01-02 00:00:00
C0702STA030,-0.037194527268474574,PTT182,2021-01-02 00:00:00
C0602STA077,-0.030841342067844457,PTT182,2021-01-02 00:00:00
SCS181,-0.007087294333102369,PTT182,2021-01-02 00:00:00
C1304STA156,-0.017328113042708437,PTT182,2021-01-02 00:00:00
SCS205,-0.010781226485315203,PTT191,2021-01-02 00:00:00
C1002ACH043,-0.049324648267775925,PTT191,2021-01-02 00:00:00
C1002ACH079,-0.20411837581251913,PTT191,2021-01-02 00:00:00
SCS113,-0.019892437597535784,PTT191,2021-01-02 00:00:00
SCS126,-0.012674008242375924,PTT191,2021-01-02 00:00:00
SCS131,-0.0126015135054464,PTT191,2021-01-02 00:00:00
SCS132,-0.030648893301776177,PTT191,2021-01-02 00:00:00
SCS136,-0.011649911389588857,PTT191,2021-01-02 00:00:00
C1202STA030,-0.033512448351576574,PTT191,2021-01-02 00:00:00
C1202STA039,-0.037701563596535655,PTT191,2021-01-02 00:00:00
SCS144,-0.02027075692235939,PTT191,2021-01-02 00:00:00
SCS146,-0.02703031613087797,PTT191,2021-01-02 00:00:00
SCS151,-0.012199827231999274,PTT191,2021-01-02 00:00:00
SCS153,-0.03018952385087234,PTT191,2021-01-02 00:00:00
C1302ACH023,-0.009705105490404566,PTT191,2021-01-02 00:00:00
C1302ACL027,-0.01979670784436117,PTT191,2021-01-02 00:00:00
SCS191,-0.004286301169195434,PTT191,2021-01-02 00:00:00
SCS193,-0.011095279717920629,PTT191,2021-01-02 00:00:00
SCS201,-0.013314743208471926,PTT191,2021-01-02 00:00:00
C1304STA156,-0.017328113042708437,PTT191,2021-01-02 00:00:00
SCS181,-0.007087294333102369,PTT191,2021-01-02 00:00:00
C1002ACH033,-0.022664584096023493,PTT191,2021-01-02 00:00:00
C0904STA197,-7.525514877593752e-17,PTT191,2021-01-02 00:00:00
C1202ACH055,-0.03953271308335008,PTT191,2021-01-02 00:00:00
SCS091,-0.005517937047454918,PTT191,2021-01-02 00:00:00
C0501STA012,-0.02350301327879244,PTT191,2021-01-02 00:00:00
C0904STA156,-0.03986585282565245,PTT191,2021-01-02 00:00:00
C0703STA102,-0.018717347782707755,PTT191,2021-01-02 00:00:00
C1603BCL014,-0.0038832294025206047,PTT191,2021-01-02 00:00:00
C2301ACL021,-0.01668248195978398,PTT191,2021-01-02 00:00:00
C2301STA175,-0.0041816505589885875,PTT191,2021-01-02 00:00:00
C2303BCL151,-0.008813461651855344,PTT191,2021-01-02 00:00:00
C0602STA026,-0.0018690484008860332,PTT191,2021-01-02 00:00:00
C0602STA030,-0.017177956885956313,PTT191,2021-01-02 00:00:00
C0602STA077,-0.030841342067844457,PTT191,2021-01-02 00:00:00
C0602STA082,-0.029936550684833026,PTT191,2021-01-02 00:00:00
C0503ACH233,-0.017307825878248816,PTT191,2021-01-02 00:00:00
C0702STA030,-0.037194527268474574,PTT191,2021-01-02 00:00:00
C0604STA197,-0.023824843759949584,PTT191,2021-01-02 00:00:00
C09PTT091,-0.002190157634121601,PTT191,2021-01-02 00:00:00
C0804STA189,-0.15699195061092544,PTT191,2021-01-02 00:00:00
C0804STA130,-0.026441822764968696,PTT191,2021-01-02 00:00:00
C08PTT082,-0.0021498472344862927,PTT191,2021-01-02 00:00:00
C0802STA032,-0.0780518837249907,PTT191,2021-01-02 00:00:00
C0704STA187,-0.04780576803336224,PTT191,2021-01-02 00:00:00
SCS045,-0.009087943894489196,PTT191,2021-01-02 00:00:00
C0802STA091,-0.0316855884518548,PTT191,2021-01-02 00:00:00
C1002ACH043,-0.049324648267775925,PTT192,2021-01-02 00:00:00
C1202ACH055,-0.03953271308335008,PTT192,2021-01-02 00:00:00
C1002ACH079,-0.20411837581251913,PTT192,2021-01-02 00:00:00
SCS113,-0.019892437597535784,PTT192,2021-01-02 00:00:00
SCS126,-0.012674008242375924,PTT192,2021-01-02 00:00:00
SCS131,-0.0126015135054464,PTT192,2021-01-02 00:00:00
C1002ACH033,-0.022664584096023493,PTT192,2021-01-02 00:00:00
SCS132,-0.030648893301776177,PTT192,2021-01-02 00:00:00
SCS136,-0.011649911389588857,PTT192,2021-01-02 00:00:00
C1202STA030,-0.033512448351576574,PTT192,2021-01-02 00:00:00
SCS153,-0.03018952385087234,PTT192,2021-01-02 00:00:00
SCS144,-0.02027075692235939,PTT192,2021-01-02 00:00:00
SCS146,-0.02703031613087797,PTT192,2021-01-02 00:00:00
SCS151,-0.012199827231999274,PTT192,2021-01-02 00:00:00
C1302ACH023,-0.009705105490404566,PTT192,2021-01-02 00:00:00
C1302ACL027,-0.01979670784436117,PTT192,2021-01-02 00:00:00
SCS191,-0.004286301169195434,PTT192,2021-01-02 00:00:00
SCS193,-0.011095279717920629,PTT192,2021-01-02 00:00:00
SCS201,-0.013314743208471926,PTT192,2021-01-02 00:00:00
C0904STA197,-7.525514877593752e-17,PTT192,2021-01-02 00:00:00
C1202STA039,-0.037701563596535655,PTT192,2021-01-02 00:00:00
C0904STA156,-0.03986585282565245,PTT192,2021-01-02 00:00:00
SCS181,-0.007087294333102369,PTT192,2021-01-02 00:00:00
C09PTT091,-0.002190157634121601,PTT192,2021-01-02 00:00:00
SCS205,-0.010781226485315203,PTT192,2021-01-02 00:00:00
C0501STA012,-0.02350301327879244,PTT192,2021-01-02 00:00:00
C0503ACH233,-0.017307825878248816,PTT192,2021-01-02 00:00:00
C0703STA102,-0.018717347782707755,PTT192,2021-01-02 00:00:00
C1603BCL014,-0.0038832294025206047,PTT192,2021-01-02 00:00:00
C2301ACL021,-0.01668248195978398,PTT192,2021-01-02 00:00:00
C2301STA175,-0.0041816505589885875,PTT192,2021-01-02 00:00:00
C2303BCL151,-0.008813461651855344,PTT192,2021-01-02 00:00:00
C0602STA026,-0.0018690484008860332,PTT192,2021-01-02 00:00:00
SCS091,-0.005517937047454918,PTT192,2021-01-02 00:00:00
C0602STA030,-0.017177956885956313,PTT192,2021-01-02 00:00:00
C0602STA082,-0.029936550684833026,PTT192,2021-01-02 00:00:00
C0702STA030,-0.037194527268474574,PTT192,2021-01-02 00:00:00
SCS045,-0.009087943894489196,PTT192,2021-01-02 00:00:00
C0704STA187,-0.04780576803336224,PTT192,2021-01-02 00:00:00
C0802STA032,-0.0780518837249907,PTT192,2021-01-02 00:00:00
C0802STA091,-0.0316855884518548,PTT192,2021-01-02 00:00:00
C0804STA130,-0.026441822764968696,PTT192,2021-01-02 00:00:00
C0804STA189,-0.15699195061092544,PTT192,2021-01-02 00:00:00
C08PTT082,-0.0021498472344862927,PTT192,2021-01-02 00:00:00
C0602STA077,-0.030841342067844457,PTT192,2021-01-02 00:00:00
C1304STA156,-0.017328113042708437,PTT192,2021-01-02 00:00:00
C0604STA197,-0.023824843759949584,PTT192,2021-01-02 00:00:00
C1304STA156,-0.017328113042708437,PTT201,2021-01-02 00:00:00
C1002ACH033,-0.022664584096023493,PTT201,2021-01-02 00:00:00
C1002ACH043,-0.049324648267775925,PTT201,2021-01-02 00:00:00
C1002ACH079,-0.20411837581251913,PTT201,2021-01-02 00:00:00
SCS113,-0.019892437597535784,PTT201,2021-01-02 00:00:00
SCS126,-0.012674008242375924,PTT201,2021-01-02 00:00:00
SCS131,-0.0126015135054464,PTT201,2021-01-02 00:00:00
SCS132,-0.030648893301776177,PTT201,2021-01-02 00:00:00
SCS136,-0.011649911389588857,PTT201,2021-01-02 00:00:00
C1202ACH055,-0.03953271308335008,PTT201,2021-01-02 00:00:00
C0904STA197,-7.525514877593752e-17,PTT201,2021-01-02 00:00:00
C1202STA030,-0.033512448351576574,PTT201,2021-01-02 00:00:00
SCS144,-0.02027075692235939,PTT201,2021-01-02 00:00:00
SCS146,-0.02703031613087797,PTT201,2021-01-02 00:00:00
SCS151,-0.012199827231999274,PTT201,2021-01-02 00:00:00
SCS153,-0.03018952385087234,PTT201,2021-01-02 00:00:00
C1302ACH023,-0.009705105490404566,PTT201,2021-01-02 00:00:00
C1302ACL027,-0.01979670784436117,PTT201,2021-01-02 00:00:00
SCS191,-0.004286301169195434,PTT201,2021-01-02 00:00:00
SCS193,-0.011095279717920629,PTT201,2021-01-02 00:00:00
SCS201,-0.013314743208471926,PTT201,2021-01-02 00:00:00
C1202STA039,-0.037701563596535655,PTT201,2021-01-02 00:00:00
SCS181,-0.007087294333102369,PTT201,2021-01-02 00:00:00
C0904STA156,-0.03986585282565245,PTT201,2021-01-02 00:00:00
C09PTT091,-0.002190157634121601,PTT201,2021-01-02 00:00:00
C0501STA012,-0.02350301327879244,PTT201,2021-01-02 00:00:00
C0503ACH233,-0.017307825878248816,PTT201,2021-01-02 00:00:00
C0703STA102,-0.018717347782707755,PTT201,2021-01-02 00:00:00
C1603BCL014,-0.0038832294025206047,PTT201,2021-01-02 00:00:00
C2301ACL021,-0.01668248195978398,PTT201,2021-01-02 00:00:00
C2301STA175,-0.0041816505589885875,PTT201,2021-01-02 00:00:00
C2303BCL151,-0.008813461651855344,PTT201,2021-01-02 00:00:00
C0602STA026,-0.0018690484008860332,PTT201,2021-01-02 00:00:00
C0602STA030,-0.017177956885956313,PTT201,2021-01-02 00:00:00
SCS091,-0.005517937047454918,PTT201,2021-01-02 00:00:00
C0602STA077,-0.030841342067844457,PTT201,2021-01-02 00:00:00
C0604STA197,-0.023824843759949584,PTT201,2021-01-02 00:00:00
C0702STA030,-0.037194527268474574,PTT201,2021-01-02 00:00:00
SCS045,-0.009087943894489196,PTT201,2021-01-02 00:00:00
C0704STA187,-0.04780576803336224,PTT201,2021-01-02 00:00:00
C0802STA032,-0.0780518837249907,PTT201,2021-01-02 00:00:00
C0802STA091,-0.0316855884518548,PTT201,2021-01-02 00:00:00
C0804STA130,-0.026441822764968696,PTT201,2021-01-02 00:00:00
C0804STA189,-0.15699195061092544,PTT201,2021-01-02 00:00:00
C08PTT082,-0.0021498472344862927,PTT201,2021-01-02 00:00:00
C0602STA082,-0.029936550684833026,PTT201,2021-01-02 00:00:00
SCS205,-0.010781226485315203,PTT201,2021-01-02 00:00:00
SCS205,-0.010781226485315203,PTT202,2021-01-02 00:00:00
C0501STA012,-0.02350301327879244,PTT202,2021-01-02 00:00:00
C1002ACH043,-0.049324648267775925,PTT202,2021-01-02 00:00:00
C1002ACH079,-0.20411837581251913,PTT202,2021-01-02 00:00:00
SCS113,-0.019892437597535784,PTT202,2021-01-02 00:00:00
SCS126,-0.012674008242375924,PTT202,2021-01-02 00:00:00
SCS131,-0.0126015135054464,PTT202,2021-01-02 00:00:00
SCS132,-0.030648893301776177,PTT202,2021-01-02 00:00:00
SCS136,-0.011649911389588857,PTT202,2021-01-02 00:00:00
C1202ACH055,-0.03953271308335008,PTT202,2021-01-02 00:00:00
C1202STA030,-0.033512448351576574,PTT202,2021-01-02 00:00:00
C1202STA039,-0.037701563596535655,PTT202,2021-01-02 00:00:00
SCS144,-0.02027075692235939,PTT202,2021-01-02 00:00:00
SCS146,-0.02703031613087797,PTT202,2021-01-02 00:00:00
SCS151,-0.012199827231999274,PTT202,2021-01-02 00:00:00
SCS153,-0.03018952385087234,PTT202,2021-01-02 00:00:00
C1302ACH023,-0.009705105490404566,PTT202,2021-01-02 00:00:00
C1302ACL027,-0.01979670784436117,PTT202,2021-01-02 00:00:00
SCS191,-0.004286301169195434,PTT202,2021-01-02 00:00:00
SCS193,-0.011095279717920629,PTT202,2021-01-02 00:00:00
SCS201,-0.013314743208471926,PTT202,2021-01-02 00:00:00
C1002ACH033,-0.022664584096023493,PTT202,2021-01-02 00:00:00
C0904STA197,-7.525514877593752e-17,PTT202,2021-01-02 00:00:00
C0904STA156,-0.03986585282565245,PTT202,2021-01-02 00:00:00
SCS091,-0.005517937047454918,PTT202,2021-01-02 00:00:00
C0503ACH233,-0.017307825878248816,PTT202,2021-01-02 00:00:00
C0703STA102,-0.018717347782707755,PTT202,2021-01-02 00:00:00
C1603BCL014,-0.0038832294025206047,PTT202,2021-01-02 00:00:00
C2301ACL021,-0.01668248195978398,PTT202,2021-01-02 00:00:00
C2301STA175,-0.0041816505589885875,PTT202,2021-01-02 00:00:00
C2303BCL151,-0.008813461651855344,PTT202,2021-01-02 00:00:00
C0602STA026,-0.0018690484008860332,PTT202,2021-01-02 00:00:00
C0602STA030,-0.017177956885956313,PTT202,2021-01-02 00:00:00
C0602STA077,-0.030841342067844457,PTT202,2021-01-02 00:00:00
C1304STA156,-0.017328113042708437,PTT202,2021-01-02 00:00:00
C0602STA082,-0.029936550684833026,PTT202,2021-01-02 00:00:00
C0702STA030,-0.037194527268474574,PTT202,2021-01-02 00:00:00
SCS045,-0.009087943894489196,PTT202,2021-01-02 00:00:00
C0704STA187,-0.04780576803336224,PTT202,2021-01-02 00:00:00
C0802STA032,-0.0780518837249907,PTT202,2021-01-02 00:00:00
C0802STA091,-0.0316855884518548,PTT202,2021-01-02 00:00:00
C0804STA130,-0.026441822764968696,PTT202,2021-01-02 00:00:00
C0804STA189,-0.15699195061092544,PTT202,2021-01-02 00:00:00
C08PTT082,-0.0021498472344862927,PTT202,2021-01-02 00:00:00
C09PTT091,-0.002190157634121601,PTT202,2021-01-02 00:00:00
C0604STA197,-0.023824843759949584,PTT202,2021-01-02 00:00:00
SCS181,-0.007087294333102369,PTT202,2021-01-02 00:00:00
